1, ,Noun,||
2,12 pm,Noun,|12 pm|
3,1 Kings,Noun,|1 Kings|
4,1 Peter,Noun,|1s Peter|
5,1 pm,Noun,|1 pm|
6,2 John,Noun,|2 John|
7,2 Kings,Noun,|2 Kings|
8,3 am,Noun,|3 am|
9,465 BC,Noun,|465s BC|
10,474 BC,Noun,|474s BC|
11,479 BC,Noun,|479s BC|
12,480 BC,Noun,|480s BC|
13,481 BC,Noun,|481s BC|
14,483 BC,Noun,|483s BC|
15,484 BC,Noun,|484s BC|
16,486 BC,Noun,|486s BC|
17,539 BC,Noun,|539 BC|
18,612 BC,Noun,|612 BC|
19,660 BC,Noun,|660s BC|
20,6 am,Noun,|6 am|
21,701 BC,Noun,|701 BC|
22,9 pm,Noun,|9 pm|
23,Aaron,Noun,|Aarons|
24,Abaddon,Noun,|Abaddons|
25,Abagtha,Noun,|Abagthas|
26,abba,Noun,|abbas|
27,Abda,Noun,|Abdas|
28,Abdon,Noun,|Abdons|
29,Abdon,Noun,|Abdons|
30,Abednego,Noun,|Abednegos|
31,Abel,Noun,|Abels|
32,Abel-Meholah,Noun,|Abel-Meholahs|
33,Abel Beth Maakah,Noun,|Abels Beth Maakah|
34,Abel Keramim,Noun,|Abels Keramim|
35,Abel Mizraim,Noun,|Abels Mizraim|
36,Abi-Albon,Noun,|Abi-Albons|
37,Abiasaph,Noun,|Abiasaphs|
38,Abiathar,Noun,|Abiathars|
39,Abib,Noun,|Abibs|
40,Abida,Noun,|Abidas|
41,Abiel,Noun,|Abiels|
42,Abiezer,Noun,|Abiezers|
43,Abiezrite,Noun,|Abiezrites|
44,Abigail,Noun,|Abigails|
45,Abihail,Noun,|Abihails|
46,Abihu,Noun,|Abihus|
47,Abihud,Noun,|Abihuds|
48,Abijah,Noun,|Abijahs|
49,Abilene,Noun,|Abilenes|
50,Abimael,Noun,|Abimaels|
51,Abimelech,Noun,|Abimeleches|
52,Abimelek,Noun,|Abimeleks|
53,Abinadab,Noun,|Abinadabs|
54,Abinoam,Noun,|Abinoams|
55,Abishag,Noun,|Abishags|
56,Abishai,Noun,|Abishais|
57,Abital,Noun,|Abitals|
58,Abner,Noun,|Abners|
59,Abraham,Noun,|Abrahams|
60,Abram,Noun,|Abrams|
61,Absalom,Noun,|Absaloms|
62,Acacia,Noun,|Acacias|
63,Acbor,Noun,|Acbors|
64,Achaia,Noun,|Achaias|
65,Achan,Noun,|Achans|
66,Achim,Noun,|Achims|
67,Achish,Noun,|Achishes|
68,Achor,Noun,|Achors|
69,acre,Noun,|acres|
70,Acsah,Noun,|Acsahs|
71,action,Noun,|actions|
72,activity,Noun,|activities|
73,Acts,Noun,|Acts|
74,Aczib,Noun,|Aczibs|
75,Adadah,Noun,|Adadahs|
76,Adah,Noun,|Adahs|
77,Adaiah,Noun,|Adaiahs|
78,Adalia,Noun,|Adalias|
79,Adam,Noun,|Adams|
80,Adam,Noun,|Adams|
81,Adamah,Noun,|Adamahs|
82,Adami Nekeb,Noun,|Adamis Nekeb|
83,Adar,Noun,|Adars|
84,Adbeel,Noun,|Adbeels|
85,Addar,Noun,|Addars|
86,Addi,Noun,|Addis|
87,Addon,Noun,|Addons|
88,Adin,Noun,|Adins|
89,Adin,Noun,|Adins|
90,Adithaim,Noun,|Adithaims|
91,Admah,Noun,|Admahs|
92,Admatha,Noun,|Admathas|
93,Admin,Noun,|Admins|
94,Adna,Noun,|Adnas|
95,Adoni-Bezek,Noun,|Adoni-Bezeks|
96,Adoni-Zedek,Noun,|Adoni-Zedeks|
97,Adonijah,Noun,|Adonijahs|
98,Adonikam,Noun,|Adonikams|
99,Adoniram,Noun,|Adonirams|
100,Adramyttium,Noun,|Adramyttiums|
101,Adriel,Noun,|Adriels|
102,Adullam,Noun,|Adullams|
103,adult,Noun,|adults|
104,adultery,Noun,|adultery|
105,advice,Noun,|advice|
106,adviser,Noun,|advisers|
107,Aeneas,Noun,|Aeneases|
108,Aenon,Noun,|Aenons|
109,afternoon,Noun,|afternoons|
110,Agabus,Noun,|Agabuses|
111,Agag,Noun,|Agags|
112,Agagite,Noun,|Agagites|
113,age,Noun,|ages|
114,Agee,Noun,|Agees|
115,agreement,Noun,|agreements|
116,Agrippa,Noun,|Agrippas|
117,Agur,Noun,|Agurs|
118,Agus,Noun,|Aguses|
119,Ahab,Noun,|Ahabs|
120,Ahasbai,Noun,|Ahasbais|
121,Ahaz,Noun,|Ahazs|
122,Ahiah,Noun,|Ahiahs|
123,Ahiam,Noun,|Ahiams|
124,Ahijah,Noun,|Ahijahs|
125,Ahilud,Noun,|Ahiluds|
126,Ahimaaz,Noun,|Ahimaazs|
127,Ahiman,Noun,|Ahimans|
128,Ahimelek,Noun,|Ahimeleks|
129,Ahinadab,Noun,|Ahinadabs|
130,Ahinoam,Noun,|Ahinoams|
131,Ahio,Noun,|Ahios|
132,Ahishar,Noun,|Ahishars|
133,Ahithophel,Noun,|Ahithophels|
134,Ahitub,Noun,|Ahitubs|
135,Ahlab,Noun,|Ahlabs|
136,Ahoh,Noun,|Ahohs|
137,Ahohi,Noun,|Ahohis|
138,Ahuzzath,Noun,|Ahuzzaths|
139,Ahzai,Noun,|Ahzais|
140,Ai,Noun,|Ais|
141,Aiah,Noun,|Aiahs|
142,AIDS,Noun,|AIDS|
143,Aija,Noun,|Aijas|
144,Aijalon,Noun,|Aijalons|
145,Ain,Noun,|Ains|
146,air,Noun,|air|
147,Ajani,Noun,|Ajanis|
148,Akan,Noun,|Akans|
149,Akbor,Noun,|Akbors|
150,Akeldama,Noun,|Akeldamas|
151,Akim,Noun,|Akims|
152,Akkad,Noun,|Akkads|
153,Akko,Noun,|Akkos|
154,Akkub,Noun,|Akkubs|
155,Aksah,Noun,|Aksahs|
156,Akshaph,Noun,|Akshaphs|
157,Akzib,Noun,|Akzibs|
158,alabaster,Noun,|alabaster|
159,alcohol,Noun,|alcohol|
160,Alex,Noun,|Alexes|
161,Alexander,Noun,|Alexanders|
162,Alexandria,Noun,|Alexandrias|
163,Allammelek,Noun,|Allammeleks|
164,Allon Bakuth,Noun,|Allons Bakuth|
165,Almodad,Noun,|Almodads|
166,Almon,Noun,|Almons|
167,almond,Noun,|almonds|
168,aloe,Noun,|aloes|
169,Aloth,Noun,|Aloths|
170,Alphaeus,Noun,|Alphaeuses|
171,altar,Noun,|altars|
172,Alvah,Noun,|Alvahs|
173,Alvan,Noun,|Alvans|
174,Amad,Noun,|Amads|
175,Amalek,Noun,|Amaleks|
176,Amalek,Noun,|Amaleks|
177,Amalekite,Noun,|Amalekites|
178,Amam,Noun,|Amams|
179,Amariah,Noun,|Amariahs|
180,Amasa,Noun,|Amasas|
181,Amashsai,Noun,|Amashsais|
182,Amittai,Noun,|Amittais|
183,Ammah,Noun,|Ammahs|
184,Ammiel,Noun,|Ammiels|
185,Ammihud,Noun,|Ammihuds|
186,Amminadab,Noun,|Amminadabs|
187,Ammon,Noun,|Ammons|
188,Ammonite,Noun,|Ammonites|
189,Amnon,Noun,|Amnons|
190,Amok,Noun,|Amoks|
191,Amon,Noun,|Amons|
192,Amorite,Noun,|Amorites|
193,Amos,Noun,|Amoses|
194,Amos,Noun,|Amoses|
195,amount,Noun,|amounts|
196,Amphipolis,Noun,|Amphipolises|
197,Amram,Noun,|Amrams|
198,Amraphel,Noun,|Amraphels|
199,Amzi,Noun,|Amzis|
200,Anab,Noun,|Anabs|
201,Anah,Noun,|Anahs|
202,Anah,Noun,|Anahs|
203,Anaharath,Noun,|Anaharaths|
204,Anaiah,Noun,|Anaiahs|
205,Anak,Noun,|Anaks|
206,Anakite,Noun,|Anakites|
207,Anamite,Noun,|Anamites|
208,Anan,Noun,|Anans|
209,Ananiah,Noun,|Ananiahs|
210,Ananiah,Noun,|Ananiahs|
211,Ananias,Noun,|Ananiases|
212,Anath,Noun,|Anaths|
213,Anathoth,Noun,|Anathoths|
214,ancestor,Noun,|ancestors|
215,Ancient of Days,Noun,|Ancient of Days|
216,Andrew,Noun,|Andrews|
217,Aner,Noun,|Aners|
218,angel,Noun,|angels|
219,anger,Noun,|anger|
220,Anim,Noun,|Anims|
221,animal,Noun,|animals|
222,ankle,Noun,|ankles|
223,Anna,Noun,|Annas|
224,Annas,Noun,|Annases|
225,Anointed One,Noun,|Anointeds One|
226,answer,Noun,|answers|
227,ant,Noun,|ants|
228,Antioch,Noun,|Antioches|
229,Antipas,Noun,|Antipases|
230,Antipatris,Noun,|Antipatrises|
231,ape,Noun,|apes|
232,Aphek,Noun,|Apheks|
233,Aphekah,Noun,|Aphekahs|
234,Aphekk,Noun,|Aphekks|
235,Aphiah,Noun,|Aphiahs|
236,Apollonia,Noun,|Apollonias|
237,Apollos,Noun,|Apolloses|
238,apostle,Noun,|apostles|
239,Apphia,Noun,|Apphias|
240,Appius,Noun,|Appiuses|
241,apple,Noun,|apples|
242,April,Noun,|Aprils|
243,Aquila,Noun,|Aquilas|
244,Arab,Noun,|Arabs|
245,Arabah,Noun,|Arabahs|
246,Arabia,Noun,|Arabias|
247,Arad,Noun,|Arads|
248,Arah,Noun,|Arahs|
249,Aram,Noun,|Arams|
250,Aram,Noun,|Arams|
251,Aram,Noun,|Arams|
252,Aramaic,Noun,|Aramaics|
253,Aramean,Noun,|Arameans|
254,Aran,Noun,|Arans|
255,Ararat,Noun,|Ararats|
256,Araunah,Noun,|Araunahs|
257,Arba,Noun,|Arbas|
258,Arbah,Noun,|Arbahs|
259,Archelaus,Noun,|Archelauses|
260,Archippus,Noun,|Archippuses|
261,Ard,Noun,|Ards|
262,area,Noun,|areas|
263,Areli,Noun,|Arelis|
264,Areopagus,Noun,|Areopagus|
265,Argob,Noun,|Argobs|
266,argument,Noun,|arguments|
267,Aridai,Noun,|Aridais|
268,Aridatha,Noun,|Aridathas|
269,Arimathea,Noun,|Arimatheas|
270,Arioch,Noun,|Arioches|
271,Arisai,Noun,|Arisais|
272,Aristarchus,Noun,|Aristarchuses|
273,ark,Noun,|arks|
274,Arkite,Noun,|Arkites|
275,ark of the covenant,Noun,|arks of the covenant|
276,arm,Noun,|arms|
277,Armoni,Noun,|Armonis|
278,armor,Noun,|armor|
279,army,Noun,|armies|
280,Arni,Noun,|Arnis|
281,Arnon,Noun,|Arnons|
282,Arnon Valley,Noun,|Arnons Valley|
283,Arodi,Noun,|Arodis|
284,Aroer,Noun,|Aroers|
285,Arphaxad,Noun,|Arphaxads|
286,arrow,Noun,|arrows|
287,Artabanus,Noun,|Artabanuses|
288,Artaxerxes,Noun,|Artaxerxeses|
289,Artemas,Noun,|Artemases|
290,Artemis,Noun,|Artemises|
291,Arubboth,Noun,|Arubboths|
292,Arumah,Noun,|Arumahs|
293,Arvadite,Noun,|Arvadites|
294,Asa,Noun,|Asas|
295,Asahel,Noun,|Asahels|
296,Asaph,Noun,|Asaphs|
297,Asenath,Noun,|Asenaths|
298,ash,Noun,|ashes|
299,Ashan,Noun,|Ashans|
300,Ashbel,Noun,|Ashbels|
301,Ashdod,Noun,|Ashdods|
302,Asher,Noun,|Ashers|
303,Asher,Noun,|Ashers|
304,Asherah,Noun,|Asherahs|
305,Ashkelon,Noun,|Ashkelons|
306,Ashkenaz,Noun,|Ashkenazs|
307,Ashnah,Noun,|Ashnahs|
308,Ashpenaz,Noun,|Ashpenazs|
309,Ashtaroth,Noun,|Ashtaroths|
310,Ashteroth Karnaim,Noun,|Ashteroths Karnaim|
311,Ashtoreth,Noun,|Ashtoreths|
312,Ashuri,Noun,|Ashuris|
313,Ashurite,Noun,|Ashurites|
314,Asia,Noun,|Asias|
315,Aspatha,Noun,|Aspathas|
316,Asriel,Noun,|Asriels|
317,Asshur,Noun,|Asshurs|
318,Assir,Noun,|Assirs|
319,Assos,Noun,|Assoses|
320,Assyria,Noun,|Assyrias|
321,astrologer,Noun,|astrologers|
322,Atad,Noun,|Atads|
323,Ataroth,Noun,|Ataroths|
324,Ataroth Addar,Noun,|Ataroths Addar|
325,Ater,Noun,|Aters|
326,Ater,Noun,|Aters|
327,Athaiah,Noun,|Athaiahs|
328,Athak,Noun,|Athaks|
329,Athens,Noun,|Athenses|
330,Attalia,Noun,|Attalias|
331,Augustus,Noun,|Augustuses|
332,authority,Noun,|authority|
333,Avian Influenza,Noun,|Avian Influenza|
334,Avith,Noun,|Aviths|
335,Aviv,Noun,|Avivs|
336,Avvim,Noun,|Avvims|
337,Avvite,Noun,|Avvites|
338,axe,Noun,|axes|
339,Azaniah,Noun,|Azaniahs|
340,Azarel,Noun,|Azarels|
341,Azariah,Noun,|Azariahs|
342,Azbuk,Noun,|Azbuks|
343,Azekah,Noun,|Azekahs|
344,Azgad,Noun,|Azgads|
345,Azgad,Noun,|Azgads|
346,Azmaveth,Noun,|Azmaveths|
347,Azmon,Noun,|Azmons|
348,Aznoth Tabor,Noun,|Aznoths Tabor|
349,Azor,Noun,|Azors|
350,Azotus,Noun,|Azotuses|
351,Azrikam,Noun,|Azrikams|
352,Azzur,Noun,|Azzurs|
353,Baal,Noun,|Baals|
354,Baal-Hanan,Noun,|Baal-Hanans|
355,Baalah,Noun,|Baalahs|
356,Baalath,Noun,|Baalaths|
357,Baalath Beer,Noun,|Baalaths Beer|
358,Baal Berith,Noun,|Baals Berith|
359,Baal Gad,Noun,|Baals Gad|
360,Baal Hazor,Noun,|Baals Hazor|
361,Baal Perazim,Noun,|Baals Perazim|
362,Baal Tamar,Noun,|Baals Tamar|
363,Baal Zephon,Noun,|Baals Zephon|
364,Baana,Noun,|Baanas|
365,Baanah,Noun,|Baanahs|
366,Babel,Noun,|Babels|
367,baby,Noun,|babies|
368,baby,Noun,|babies|
369,Babylon,Noun,|Babylons|
370,Babylonia,Noun,|Babylonias|
371,Babylonian,Noun,|Babylonians|
372,back,Noun,|backs|
373,badger rock,Noun,|badgers|
374,bag,Noun,|bags|
375,Bahurim,Noun,|Bahurims|
376,Bakbuk,Noun,|Bakbuks|
377,Bakbukiah,Noun,|Bakbukiahs|
378,Balaam,Noun,|Balaams|
379,Balah,Noun,|Balahs|
380,Balak,Noun,|Balaks|
381,bamboo,Noun,|bamboo|
382,Bamoth Baal,Noun,|Bamoths Baal|
383,bandage,Noun,|bandages|
384,Bani,Noun,|Banis|
385,bank,Noun,|banks|
386,Baptist,Noun,|Baptists|
387,bar,Noun,|bars|
388,Bar-Jesus,Noun,|Bar-Jesuses|
389,Barabbas,Noun,|Barabbases|
390,Barak,Noun,|Baraks|
391,Barhum,Noun,|Barhums|
392,bark,Noun,|bark|
393,Barkos,Noun,|Barkoses|
394,barley,Noun,|barley|
395,barn,Noun,|barns|
396,Barnabas,Noun,|Barnabases|
397,Barsabbas,Noun,|Barsabbases|
398,Bartholomew,Noun,|Bartholomews|
399,Bartimaeus,Noun,|Bartimaeuses|
400,Baruch,Noun,|Baruches|
401,Barzillai,Noun,|Barzillais|
402,Basemath,Noun,|Basemaths|
403,Bashan,Noun,|Bashans|
404,basket,Noun,|baskets|
405,bathroom,Noun,|bathrooms|
406,Bathsheba,Noun,|Bathshebas|
407,battle,Noun,|battles|
408,battlefield,Noun,|battlefields|
409,Bazluth,Noun,|Bazluths|
410,beak,Noun,|beaks|
411,Bealoth,Noun,|Bealoths|
412,beam,Noun,|beams|
413,bean,Noun,|beans|
414,bear,Noun,|bears|
415,beard,Noun,|beards|
416,beast,Noun,|beasts|
417,Beautiful,Noun,|Beautifuls|
418,Beautiful Land,Noun,|Beautifuls Land|
419,Bebai,Noun,|Bebais|
420,Bebai,Noun,|Bebais|
421,Becorath,Noun,|Becoraths|
422,bed,Noun,|beds|
423,Bedad,Noun,|Bedads|
424,bedroom,Noun,|bedrooms|
425,bee,Noun,|bees|
426,Beelzebul,Noun,|Beelzebuls|
427,beer,Noun,|beer|
428,Beer,Noun,|Beers|
429,Beer-Lahai-Roi,Noun,|Beer-Lahai-Rois|
430,Beeri,Noun,|Beeris|
431,Beeroth,Noun,|Beeroths|
432,Beersheba,Noun,|Beershebas|
433,Be Eshtarah,Noun,|Bes Eshtarah|
434,beginning,Noun,|beginnings|
435,beka,Noun,|bekas|
436,Beker,Noun,|Bekers|
437,Bekorath,Noun,|Bekoraths|
438,Bela,Noun,|Belas|
439,Bela,Noun,|Belas|
440,believer,Noun,|believers|
441,Belshazzar,Noun,|Belshazzars|
442,belt,Noun,|belts|
443,Belteshazzar,Noun,|Belteshazzars|
444,Ben-Abinadab,Noun,|Ben-Abinadabs|
445,Ben-Ammi,Noun,|Ben-Ammis|
446,Ben-Deker,Noun,|Ben-Dekers|
447,Ben-Geber,Noun,|Ben-Gebers|
448,Ben-Hesed,Noun,|Ben-Heseds|
449,Ben-Hur,Noun,|Ben-Hurs|
450,Ben-Oni,Noun,|Ben-Onis|
451,Benaiah,Noun,|Benaiahs|
452,Bene Berak,Noun,|Benes Berak|
453,Ben Hinnom,Noun,|Bens Hinnom|
454,Beninu,Noun,|Beninus|
455,Benjamin,Noun,|Benjamins|
456,Benjamite,Noun,|Benjamites|
457,Beor,Noun,|Beors|
458,Bera,Noun,|Beras|
459,Berea,Noun,|Bereas|
460,Bered,Noun,|Bereds|
461,Berekiah,Noun,|Berekiahs|
462,Beriah,Noun,|Beriahs|
463,Berite,Noun,|Berites|
464,Bernice,Noun,|Bernices|
465,Beroth,Noun,|Beroths|
466,Berothai,Noun,|Berothais|
467,berry,Noun,|berries|
468,Besai,Noun,|Besais|
469,Besodeiah,Noun,|Besodeiahs|
470,Besor,Noun,|Besors|
471,Beten,Noun,|Betens|
472,Beth-Anath,Noun,|Beth-Anaths|
473,Beth-Barah,Noun,|Beth-Barahs|
474,Beth-Shan,Noun,|Beth-Shans|
475,Beth-Shemesh,Noun,|Beth-Shemeshes|
476,Beth-Shittah,Noun,|Beth-Shittahs|
477,Beth Anoth,Noun,|Beths Anoth|
478,Bethany,Noun,|Bethanies|
479,Beth Arabah,Noun,|Beths Arabah|
480,Beth Aven,Noun,|Beths Aven|
481,Beth Azmaveth,Noun,|Beths Azmaveth|
482,Beth Baal Meon,Noun,|Beths Baal Meon|
483,Beth Dagon,Noun,|Beths Dagon|
484,Bethel,Noun,|Bethels|
485,Beth Emek,Noun,|Beths Emek|
486,Bethesda,Noun,|Bethesdas|
487,Beth Gilgal,Noun,|Beths Gilgal|
488,Beth Hakkerem,Noun,|Beths Hakkerem|
489,Beth Haram,Noun,|Beths Haram|
490,Beth Hoglah,Noun,|Beths Hoglah|
491,Beth Horon,Noun,|Beths Horon|
492,Beth Jeshimoth,Noun,|Beths Jeshimoth|
493,Beth Kar,Noun,|Beths Kar|
494,Beth Lebaoth,Noun,|Beths Lebaoth|
495,Bethlehem,Noun,|Bethlehems|
496,Beth Markaboth,Noun,|Beths Markaboth|
497,Beth Millo,Noun,|Beths Millo|
498,Beth Nimrah,Noun,|Beths Nimrah|
499,Beth Pazzez,Noun,|Beths Pazzez|
500,Beth Pelet,Noun,|Beths Pelet|
501,Beth Peor,Noun,|Beths Peor|
502,Bethphage,Noun,|Bethphages|
503,Beth Rehob,Noun,|Beths Rehob|
504,Bethsaida,Noun,|Bethsaidas|
505,Beth Tappuah,Noun,|Beths Tappuah|
506,Bethuel,Noun,|Bethuels|
507,Bethul,Noun,|Bethuls|
508,Beth Zur,Noun,|Beths Zur|
509,Betonim,Noun,|Betonims|
510,Bezai,Noun,|Bezais|
511,Bezai,Noun,|Bezais|
512,Bezek,Noun,|Bezeks|
513,Bezer,Noun,|Bezers|
514,Bigtha,Noun,|Bigthas|
515,Bigthana,Noun,|Bigthanas|
516,Bigvai,Noun,|Bigvais|
517,Bikri,Noun,|Bikris|
518,Bilgah,Noun,|Bilgahs|
519,Bilgai,Noun,|Bilgais|
520,Bilhah,Noun,|Bilhahs|
521,Bilhan,Noun,|Bilhans|
522,bill,Noun,|bills|
523,Bilshan,Noun,|Bilshans|
524,Binnui,Noun,|Binnuis|
525,bird,Noun,|birds|
526,Birsha,Noun,|Birshas|
527,birth,Noun,|births|
528,birthday,Noun,|birthdays|
529,Bithynia,Noun,|Bithynias|
530,Biziothiah,Noun,|Biziothiahs|
531,Biztha,Noun,|Bizthas|
532,blade,Noun,|blades|
533,blanket,Noun,|blankets|
534,Blastus,Noun,|Blastuses|
535,bleach,Noun,|bleach|
536,blessing,Noun,|blessings|
537,block,Noun,|blocks|
538,blood,Noun,|blood|
539,Boanerges,Noun,|Boanergeses|
540,board,Noun,|boards|
541,boat,Noun,|boats|
542,Boaz,Noun,|Boazs|
543,body,Noun,|bodies|
544,Bohan,Noun,|Bohans|
545,boil,Noun,|boils|
546,Bokim,Noun,|Bokims|
547,bone,Noun,|bones|
548,book,Noun,|books|
549,Book of Life,Noun,|Books of Life|
550,Book of Moses,Noun,|Books of Moses|
551,book of the annals,Noun,|books of the annals|
552,Book of the Law,Noun,|Books of the Law|
553,Book of the Law of God,Noun,|Books of the Law of God|
554,Book of the Law of Moses,Noun,|Books of the Law of Moses|
555,Book of Truth,Noun,|Books of Truth|
556,Bor Ashan,Noun,|Bors Ashan|
557,border,Noun,|borders|
558,boss,Noun,|bosses|
559,bottom,Noun,|bottoms|
560,bow,Noun,|bows|
561,bowl,Noun,|bowls|
562,box,Noun,|boxes|
563,box treasury,Noun,|boxes|
564,boy,Noun,|boys|
565,Bozez,Noun,|Bozezs|
566,Bozkath,Noun,|Bozkaths|
567,Bozrah,Noun,|Bozrahs|
568,bracelet,Noun,|bracelets|
569,branch,Noun,|branches|
570,bread,Noun,|bread|
571,breast,Noun,|breasts|
572,breast-milk,Noun,|breast-milk|
573,breastplate,Noun,|breastplates|
574,bribe,Noun,|bribes|
575,brick,Noun,|bricks|
576,bride,Noun,|brides|
577,bridle,Noun,|bridles|
578,bronze,Noun,|bronze|
579,brother,Noun,|brothers|
580,brother,Noun,|brothers|
581,brother,Noun,|brothers|
582,brother-in-law,Noun,|brother-in-laws|
583,bucket,Noun,|buckets|
584,building,Noun,|buildings|
585,Bul,Noun,|Buls|
586,bull,Noun,|bulls|
587,Bunni,Noun,|Bunnis|
588,bush,Noun,|bushes|
589,butter,Noun,|butter|
590,Buz,Noun,|Buzs|
591,Byblos,Noun,|Bybloses|
592,Cabbon,Noun,|Cabbons|
593,Caesar,Noun,|Caesars|
594,Caesarea,Noun,|Caesareas|
595,Caesarea Philippi,Noun,|Caesareas Philippi|
596,cage,Noun,|cages|
597,Caiaphas,Noun,|Caiaphases|
598,Cain,Noun,|Cains|
599,Cainan,Noun,|Cainans|
600,cake,Noun,|cakes|
601,Calah,Noun,|Calahs|
602,Caleb,Noun,|Calebs|
603,calf,Noun,|calves|
604,Calneh,Noun,|Calnehs|
605,camel,Noun,|camels|
606,camp,Noun,|camps|
607,Cana,Noun,|Canas|
608,Canaan,Noun,|Canaans|
609,Canaan,Noun,|Canaans|
610,Canaanite,Noun,|Canaanites|
611,Candace,Noun,|Candaces|
612,candle,Noun,|candles|
613,Capernaum,Noun,|Capernaums|
614,Caphtorite,Noun,|Caphtorites|
615,capital,Noun,|capitals|
616,Cappadocia,Noun,|Cappadocias|
617,captain,Noun,|captains|
618,Carcas,Noun,|Carcases|
619,Carmel,Noun,|Carmels|
620,Carmi,Noun,|Carmis|
621,carpenter,Noun,|carpenters|
622,Carshena,Noun,|Carshenas|
623,Casluhite,Noun,|Casluhites|
624,castanet,Noun,|castanets|
625,cat,Noun,|cats|
626,cattle,Noun,|cattle|
627,Cauda,Noun,|Caudas|
628,cave,Noun,|caves|
629,cave of Adullam,Noun,|caves of Adullam|
630,cedar,Noun,|cedar|
631,cemetery,Noun,|cemeteries|
632,Cenchrea,Noun,|Cenchreas|
633,center,Noun,|centers|
634,centimeter,Noun,|centimeters|
635,centurion,Noun,|centurions|
636,Cephas,Noun,|Cephases|
637,chaff,Noun,|chaff|
638,chain,Noun,|chains|
639,chair,Noun,|chairs|
640,Chaldea,Noun,|Chaldeas|
641,Chaldean,Noun,|Chaldeans|
642,chapter,Noun,|chapters|
643,characteristic,Noun,|characteristics|
644,chariot,Noun,|chariots|
645,chasm,Noun,|chasms|
646,cheek,Noun,|cheeks|
647,cheese,Noun,|cheese|
648,Chemosh,Noun,|Chemoshes|
649,cherub,Noun,|cherubim|
650,chest,Noun,|chests|
651,chicken,Noun,|chickens|
652,chief,Noun,|chiefs|
653,Chief,Noun,|Chiefs|
654,child,Noun,|children|
655,Chios,Noun,|Chioses|
656,choice,Noun,|choices|
657,choir,Noun,|choirs|
658,Chorazin,Noun,|Chorazins|
659,Christ,Noun,|Christs|
660,Christ,Noun,|Christs|
661,Christian,Noun,|Christians|
662,church,Noun,|churches|
663,Chuza,Noun,|Chuzas|
664,Cilicia,Noun,|Cilicias|
665,cinnamon,Noun,|cinnamon|
666,circle,Noun,|circles|
667,cistern,Noun,|cisterns|
668,citizen,Noun,|citizens|
669,City of David,Noun,|Cities|
670,city,Noun,|cities|
671,City of Salt,Noun,|Cities|
672,clan,Noun,|clans|
673,Claudius,Noun,|Claudiuses|
674,claw,Noun,|claws|
675,clay,Noun,|clay|
676,Clement,Noun,|Clements|
677,Cleopas,Noun,|Cleopases|
678,cliff,Noun,|cliffs|
679,clinic,Noun,|clinics|
680,cloth,Noun,|cloths|
681,clothes,Noun,|clothes|
682,cloud,Noun,|clouds|
683,club,Noun,|clubs|
684,Cnidus,Noun,|Cniduses|
685,coal,Noun,|coal|
686,coast,Noun,|coasts|
687,coat,Noun,|coats|
688,coffin,Noun,|coffins|
689,coin,Noun,|coins|
690,cold,Noun,|colds|
691,collector tax,Noun,|collectors|
692,color,Noun,|colors|
693,Colossae,Noun,|Colossaes|
694,Colossians,Noun,|Colossians|
695,colt,Noun,|colts|
696,comb,Noun,|combs|
697,command,Noun,|commands|
698,commander,Noun,|commanders|
699,commandment,Noun,|commandments|
700,companion,Noun,|companions|
701,concubine,Noun,|concubines|
702,condom,Noun,|condoms|
703,container,Noun,|containers|
704,conversation,Noun,|conversations|
705,copper,Noun,|copper|
706,copy,Noun,|copies|
707,cor,Noun,|cors|
708,Corban,Noun,|Corbans|
709,Corinth,Noun,|Corinths|
710,Cornelius,Noun,|Corneliuses|
711,corner,Noun,|corners|
712,corpse,Noun,|corpses|
713,Cos,Noun,|Coses|
714,Cosam,Noun,|Cosams|
715,couch,Noun,|couches|
716,council,Noun,|councils|
717,country,Noun,|countries|
718,courage,Noun,|courage|
719,court,Noun,|courts|
720,courtyard,Noun,|courtyards|
721,cousin,Noun,|cousins|
722,covenant,Noun,|covenants|
723,cover,Noun,|covers|
724,cow,Noun,|cows|
725,creature,Noun,|creatures|
726,Crete,Noun,|Cretes|
727,crime,Noun,|crimes|
728,criminal,Noun,|criminals|
729,Crispus,Noun,|Crispuses|
730,crop,Noun,|crops|
731,cross,Noun,|crosses|
732,crowd,Noun,|crowds|
733,crown,Noun,|crowns|
734,cub,Noun,|cubs|
735,cubit,Noun,|cubits|
736,cumin,Noun,|cumin|
737,cup,Noun,|cups|
738,curtain,Noun,|curtains|
739,curve,Noun,|curves|
740,Cush,Noun,|Cushes|
741,Cush,Noun,|Cushes|
742,Cushan,Noun,|Cushans|
743,Cushan-Rishathaim,Noun,|Cushan-Rishathaims|
744,cushion,Noun,|cushions|
745,custom,Noun,|customs|
746,cymbal,Noun,|cymbals|
747,Cyprus,Noun,|Cypruses|
748,Cyrene,Noun,|Cyrenes|
749,Cyrus,Noun,|Cyruses|
750,Dabbesheth,Noun,|Dabbesheths|
751,Daberath,Noun,|Daberaths|
752,Dagon,Noun,|Dagons|
753,Dalmanutha,Noun,|Dalmanuthas|
754,Dalphon,Noun,|Dalphons|
755,Damaris,Noun,|Damarises|
756,Damascus,Noun,|Damascuses|
757,Dan,Noun,|Dans|
758,Dan,Noun,|Dans|
759,Dan,Noun,|Dans|
760,danger,Noun,|danger|
761,Daniel,Noun,|Daniels|
762,Danite,Noun,|Danites|
763,Dan Jaan,Noun,|Dans Jaan|
764,Dannah,Noun,|Dannahs|
765,Darda,Noun,|Dardas|
766,Darius,Noun,|Dariuses|
767,darkness,Noun,|darkness|
768,Darkon,Noun,|Darkons|
769,date,Noun,|dates|
770,daughter,Noun,|daughters|
771,daughter-in-law,Noun,|daughters-in-law|
772,David,Noun,|Davids|
773,day,Noun,|days|
774,Day of Atonement,Noun,|Daies|
775,deacon,Noun,|deacons|
776,dead,Noun,|dead|
777,death,Noun,|death|
778,Debir,Noun,|Debirs|
779,Debir,Noun,|Debirs|
780,Deborah,Noun,|Deborahs|
781,debt,Noun,|debts|
782,Decapolis,Noun,|Decapolises|
783,decision,Noun,|decisions|
784,decree,Noun,|decrees|
785,Dedan,Noun,|Dedans|
786,deer,Noun,|deer|
787,Delaiah,Noun,|Delaiahs|
788,Delilah,Noun,|Delilahs|
789,Demas,Noun,|Demases|
790,Demetrius,Noun,|Demetriuses|
791,demon,Noun,|demons|
792,den,Noun,|dens|
793,denarius,Noun,|denarii|
794,Derbe,Noun,|Derbes|
795,descendant,Noun,|descendants|
796,desert,Noun,|deserts|
797,desert Sinai,Noun,|deserts|
798,Desert of Beersheba,Noun,|Deserts of Beersheba|
799,Desert of Beth Aven,Noun,|Deserts of Beth Aven|
800,Desert of En Gedi,Noun,|Deserts of En Gedi|
801,Desert of Negev,Noun,|Deserts of Negev|
802,Desert of Paran,Noun,|Deserts of Paran|
803,Desert of Sin,Noun,|Deserts of Sin|
804,Desert of Zin,Noun,|Deserts of Zin|
805,Desert of Ziph,Noun,|Deserts of Ziph|
806,Deuteronomy,Noun,|Deuteronomies|
807,device,Noun,|devices|
808,devil,Noun,|devils|
809,dew,Noun,|dew|
810,Dibon,Noun,|Dibons|
811,Diklah,Noun,|Diklahs|
812,Dilean,Noun,|Dileans|
813,dill,Noun,|dill|
814,Dimnah,Noun,|Dimnahs|
815,Dimonah,Noun,|Dimonahs|
816,Dinah,Noun,|Dinahs|
817,Dinhabah,Noun,|Dinhabahs|
818,dinner,Noun,|dinners|
819,Dionysius,Noun,|Dionysiuses|
820,direction,Noun,|directions|
821,dirt,Noun,|dirt|
822,disaster,Noun,|disasters|
823,disciple,Noun,|disciples|
824,disease,Noun,|diseases|
825,Dishan,Noun,|Dishans|
826,Dishon,Noun,|Dishons|
827,distance,Noun,|distances|
828,diviner,Noun,|diviners|
829,doctor,Noun,|doctors|
830,document,Noun,|documents|
831,Dodai,Noun,|Dodais|
832,Dodo,Noun,|Dodos|
833,Doeg,Noun,|Doegs|
834,dog,Noun,|dogs|
835,donkey,Noun,|donkeys|
836,door,Noun,|doors|
837,Dor,Noun,|Dors|
838,Dorcas,Noun,|Dorcases|
839,Dothan,Noun,|Dothans|
840,dough,Noun,|dough|
841,dove,Noun,|doves|
842,dream,Noun,|dreams|
843,dress,Noun,|dresses|
844,drink,Noun,|drinks|
845,drop,Noun,|drops|
846,drug,Noun,|drugs|
847,Drusilla,Noun,|Drusillas|
848,duck,Noun,|ducks|
849,Dumah,Noun,|Dumahs|
850,dung,Noun,|dung|
851,Dura,Noun,|Duras|
852,dust,Noun,|dust|
853,eagle,Noun,|eagles|
854,ear,Noun,|ears|
855,earring,Noun,|earrings|
856,earth,Noun,|earths|
857,earthquake,Noun,|earthquakes|
858,east,Noun,|east|
859,Ebal,Noun,|Ebals|
860,Ebed,Noun,|Ebeds|
861,Ebenezer,Noun,|Ebenezers|
862,Eber,Noun,|Ebers|
863,Ebez,Noun,|Ebezs|
864,Eden,Noun,|Edens|
865,Eder,Noun,|Eders|
866,edge,Noun,|edges|
867,Edom,Noun,|Edoms|
868,Edom,Noun,|Edoms|
869,Edomite,Noun,|Edomites|
870,Edrei,Noun,|Edreis|
871,egg,Noun,|eggs|
872,Eglah,Noun,|Eglahs|
873,Eglon,Noun,|Eglons|
874,Eglon,Noun,|Eglons|
875,Egypt,Noun,|Egypts|
876,Egyptian,Noun,|Egyptians|
877,Ehi,Noun,|Ehis|
878,Ehud,Noun,|Ehuds|
879,Ekron,Noun,|Ekrons|
880,El-Bethel,Noun,|El-Bethels|
881,El-Elohe-Israel,Noun,|El-Elohe-Israels|
882,Ela,Noun,|Elas|
883,Elah,Noun,|Elahs|
884,Elam,Noun,|Elams|
885,Elam,Noun,|Elams|
886,Elam,Noun,|Elams|
887,Elath,Noun,|Elaths|
888,El Berith,Noun,|Els Berith|
889,Eldaah,Noun,|Eldaahs|
890,elder,Noun,|elders|
891,Eleazar,Noun,|Eleazars|
892,Elhanan,Noun,|Elhanans|
893,Eli,Noun,|Elis|
894,Eliab,Noun,|Eliabs|
895,Eliada,Noun,|Eliadas|
896,Eliahba,Noun,|Eliahbas|
897,Eliakim,Noun,|Eliakims|
898,Eliam,Noun,|Eliams|
899,Eliashib,Noun,|Eliashibs|
900,Eliezer,Noun,|Eliezers|
901,Elihoreph,Noun,|Elihorephs|
902,Elihu,Noun,|Elihus|
903,Elihud,Noun,|Elihuds|
904,Elijah,Noun,|Elijahs|
905,Elika,Noun,|Elikas|
906,Elim,Noun,|Elims|
907,Elimelech,Noun,|Elimeleches|
908,Elioenai,Noun,|Elioenais|
909,Eliphaz,Noun,|Eliphazs|
910,Eliphelet,Noun,|Eliphelets|
911,Elisha,Noun,|Elishas|
912,Elishah,Noun,|Elishahs|
913,Elishama,Noun,|Elishamas|
914,Elisheba,Noun,|Elishebas|
915,Elishua,Noun,|Elishuas|
916,Eliud,Noun,|Eliuds|
917,Elizabeth,Noun,|Elizabeths|
918,Elkanah,Noun,|Elkanahs|
919,Elkosh,Noun,|Elkoshes|
920,Ellasar,Noun,|Ellasars|
921,Elmadam,Noun,|Elmadams|
922,Eloi,Noun,|Elois|
923,Elon,Noun,|Elons|
924,Elon,Noun,|Elons|
925,Elon-Bethhanan,Noun,|Elon-Bethhanans|
926,El Paran,Noun,|Els Paran|
927,Eltekeh,Noun,|Eltekehs|
928,Eltekon,Noun,|Eltekons|
929,Eltolad,Noun,|Eltolads|
930,Elul,Noun,|Eluls|
931,Elymas,Noun,|Elymases|
932,Elzaphan,Noun,|Elzaphans|
933,Emek Keziz,Noun,|Emeks Keziz|
934,Emite,Noun,|Emites|
935,Emmaus,Noun,|Emmauses|
936,emperor,Noun,|emperors|
937,Enaim,Noun,|Enaims|
938,Enam,Noun,|Enams|
939,enchanter,Noun,|enchanters|
940,end,Noun,|ends|
941,Endor,Noun,|Endors|
942,enemy,Noun,|enemies|
943,En Gannim,Noun,|Ens Gannim|
944,En Gedi,Noun,|Ens Gedi|
945,En Haddah,Noun,|Ens Haddah|
946,En Hakkore,Noun,|Ens Hakkore|
947,En Hazor,Noun,|Ens Hazor|
948,En Mishpat,Noun,|Ens Mishpat|
949,Enoch,Noun,|Enoches|
950,Enosh,Noun,|Enoshes|
951,En Rimmon,Noun,|Ens Rimmon|
952,En Rogel,Noun,|Ens Rogel|
953,En Shemesh,Noun,|Ens Shemesh|
954,En Tappuah,Noun,|Ens Tappuah|
955,entrance,Noun,|entrances|
956,Epaphras,Noun,|Epaphrases|
957,Epaphroditus,Noun,|Epaphrodituses|
958,Ephah,Noun,|Ephahs|
959,ephah,Noun,|ephahs|
960,Epher,Noun,|Ephers|
961,Ephes Dammim,Noun,|Epheses|
962,Ephesians,Noun,|Ephesians|
963,Ephesus,Noun,|Ephesuses|
964,ephod,Noun,|ephods|
965,Ephrah,Noun,|Ephrahs|
966,Ephraim,Noun,|Ephraims|
967,Ephraimite,Noun,|Ephraimites|
968,Ephrath,Noun,|Ephraths|
969,Ephrathah,Noun,|Ephrathahs|
970,Ephrathite,Noun,|Ephrathites|
971,Ephron,Noun,|Ephrons|
972,Epicurus,Noun,|Epicuruses|
973,Er,Noun,|Ers|
974,Erastus,Noun,|Erastuses|
975,Erech,Noun,|Ereches|
976,Eri,Noun,|Eris|
977,Esarhaddon,Noun,|Esarhaddons|
978,Esau,Noun,|Esaus|
979,Esek,Noun,|Eseks|
980,Eshan,Noun,|Eshans|
981,Eshban,Noun,|Eshbans|
982,Eshcol,Noun,|Eshcols|
983,Eshtaol,Noun,|Eshtaols|
984,Eshtemoa,Noun,|Eshtemoas|
985,Eshtemoh,Noun,|Eshtemohs|
986,Esli,Noun,|Eslis|
987,Esther,Noun,|Esthers|
988,Etham,Noun,|Ethams|
989,Ethan,Noun,|Ethans|
990,Ethanim,Noun,|Ethanims|
991,Ether,Noun,|Ethers|
992,Ethiopia,Noun,|Ethiopias|
993,Eth Kazin,Noun,|Eths Kazin|
994,eunuch,Noun,|eunuchs|
995,Euodia,Noun,|Euodias|
996,Euphrates,Noun,|Euphrateses|
997,Eutychus,Noun,|Eutychuses|
998,Eve,Noun,|Eves|
999,evening,Noun,|evenings|
1000,event,Noun,|events|
1001,Evi,Noun,|Evis|
1002,ewe,Noun,|ewes|
1003,example,Noun,|examples|
1004,Exodus,Noun,|Exoduses|
1005,expression,Noun,|expressions|
1006,eye,Noun,|eyes|
1007,Ezbon,Noun,|Ezbons|
1008,Ezel,Noun,|Ezels|
1009,Ezem,Noun,|Ezems|
1010,Ezer,Noun,|Ezers|
1011,Ezion Geber,Noun,|Ezions Geber|
1012,Ezra,Noun,|Ezras|
1013,Ezrahite,Noun,|Ezrahites|
1014,face,Noun,|faces|
1015,Fair Havens,Noun,|Fairs Havens|
1016,faith,Noun,|faith|
1017,Falala,Noun,|Falalas|
1018,fall,Noun,|falls|
1019,family,Noun,|families|
1020,famine,Noun,|famines|
1021,fare,Noun,|fares|
1022,farm,Noun,|farms|
1023,farmer,Noun,|farmers|
1024,fat,Noun,|fat|
1025,father,Noun,|fathers|
1026,Father,Noun,|Fathers|
1027,father-in-law,Noun,|father-in-laws|
1028,feast,Noun,|feasts|
1029,Feast of Booths,Noun,|Feasts of Booths|
1030,Feast of Harvest,Noun,|Feasts of Harvest|
1031,Feast of Ingathering,Noun,|Feasts of Ingathering|
1032,Feast of Tabernacles,Noun,|Feast of Tabernacles|
1033,Feast of the New Moon,Noun,|Feasts of the New Moon|
1034,Feast of Unleavened Bread,Noun,|Feasts of Unleavened Bread|
1035,feather,Noun,|feathers|
1036,feeling,Noun,|feelings|
1037,Felix,Noun,|Felixes|
1038,fellowship,Noun,|fellowship|
1039,fence,Noun,|fences|
1040,Festus,Noun,|Festuses|
1041,fever,Noun,|fevers|
1042,field,Noun,|fields|
1043,fig,Noun,|figs|
1044,finger,Noun,|fingers|
1045,fire,Noun,|fires|
1046,fish,Noun,|fish|
1047,fisherman,Noun,|fishermen|
1048,fist,Noun,|fists|
1049,flag,Noun,|flags|
1050,flake,Noun,|flakes|
1051,flax,Noun,|flax|
1052,flea,Noun,|fleas|
1053,flesh,Noun,|flesh|
1054,flock,Noun,|flocks|
1055,flood,Noun,|floods|
1056,floor threshing,Noun,|floors|
1057,floor,Noun,|floors|
1058,flour,Noun,|flour|
1059,flower,Noun,|flowers|
1060,flute,Noun,|flutes|
1061,fly,Noun,|flies|
1062,follower,Noun,|followers|
1063,food,Noun,|food|
1064,foot,Noun,|feet|
1065,forehead,Noun,|foreheads|
1066,foreigner,Noun,|foreigners|
1067,foreskin,Noun,|foreskins|
1068,forest,Noun,|forests|
1069,fork,Noun,|forks|
1070,foundation,Noun,|foundations|
1071,fox,Noun,|foxes|
1072,frame,Noun,|frames|
1073,frankincense,Noun,|frankincense|
1074,freedom,Noun,|freedom|
1075,friend,Noun,|friends|
1076,frog,Noun,|frogs|
1077,front,Noun,|fronts|
1078,frost,Noun,|frost|
1079,fruit,Noun,|fruit|
1080,fur,Noun,|fur|
1081,furnace,Noun,|furnaces|
1082,future,Noun,|future|
1083,Gaal,Noun,|Gaals|
1084,Gaash,Noun,|Gaashes|
1085,Gabbai,Noun,|Gabbais|
1086,Gabriel,Noun,|Gabriels|
1087,Gad,Noun,|Gads|
1088,Gad,Noun,|Gads|
1089,Gadara,Noun,|Gadaras|
1090,Gaham,Noun,|Gahams|
1091,Gahar,Noun,|Gahars|
1092,Gaius,Noun,|Gaiuses|
1093,Galal,Noun,|Galals|
1094,Galatia,Noun,|Galatias|
1095,Galeed,Noun,|Galeeds|
1096,Galilee,Noun,|Galilees|
1097,gall,Noun,|gall|
1098,Gallim,Noun,|Gallims|
1099,Gallio,Noun,|Gallios|
1100,Gamaliel,Noun,|Gamaliels|
1101,garbage,Noun,|garbage|
1102,garden,Noun,|gardens|
1103,Gareb,Noun,|Garebs|
1104,Gatam,Noun,|Gatams|
1105,Gate Dung,Noun,|Gates|
1106,Gate Fish,Noun,|Gates|
1107,Gate Fountain,Noun,|Gates|
1108,Gate Garbage,Noun,|Gates|
1109,Gate Guard,Noun,|Gates|
1110,Gate Horse,Noun,|Gates|
1111,Gate Inspection,Noun,|Gates|
1112,Gate Jeshanah,Noun,|Gates|
1113,Gate of Ephraim,Noun,|Gates|
1114,Gate Sheep,Noun,|Gates|
1115,Gate Valley,Noun,|Gates|
1116,Gate Water,Noun,|Gates|
1117,gate,Noun,|gates|
1118,Gath,Noun,|Gaths|
1119,Gath Hepher,Noun,|Gaths Hepher|
1120,Gath Rimmon,Noun,|Gaths Rimmon|
1121,Gaza,Noun,|Gazas|
1122,gazelle,Noun,|gazelles|
1123,Gazzam,Noun,|Gazzams|
1124,Geba,Noun,|Gebas|
1125,Gebalite,Noun,|Gebalites|
1126,Geber,Noun,|Gebers|
1127,Geder,Noun,|Geders|
1128,Gederah,Noun,|Gederahs|
1129,Gederoth,Noun,|Gederoths|
1130,Gederothaim,Noun,|Gederothaims|
1131,Gedor,Noun,|Gedors|
1132,Ge Harashim,Noun,|Ges Harashim|
1133,Geliloth,Noun,|Geliloths|
1134,gem,Noun,|gems|
1135,genealogy,Noun,|genealogies|
1136,generation,Noun,|generations|
1137,Genesis,Noun,|Genesises|
1138,Gennesaret,Noun,|Gennesarets|
1139,Gentile,Noun,|Gentiles|
1140,Gera,Noun,|Geras|
1141,Gerar,Noun,|Gerars|
1142,Gerasa,Noun,|Gerasas|
1143,Gerasene,Noun,|Gerasenes|
1144,Gergesene,Noun,|Gergesenes|
1145,germ,Noun,|germs|
1146,Gershom,Noun,|Gershoms|
1147,Gershon,Noun,|Gershons|
1148,Geshem,Noun,|Geshems|
1149,Geshur,Noun,|Geshurs|
1150,Geshurite,Noun,|Geshurites|
1151,Gether,Noun,|Gethers|
1152,Gethsemane,Noun,|Gethsemanes|
1153,Gezer,Noun,|Gezers|
1154,ghost,Noun,|ghosts|
1155,Giah,Noun,|Giahs|
1156,giant,Noun,|giants|
1157,Gibbethon,Noun,|Gibbethons|
1158,Gibeah,Noun,|Gibeahs|
1159,Gibeah of God,Noun,|Gibeahs of God|
1160,Gibeath Haaraloth,Noun,|Gibeaths Haaraloth|
1161,Gibeon,Noun,|Gibeons|
1162,Gibeonite,Noun,|Gibeonites|
1163,Giddel,Noun,|Giddels|
1164,Gideon,Noun,|Gideons|
1165,Gidom,Noun,|Gidoms|
1166,gift,Noun,|gifts|
1167,Gihon,Noun,|Gihons|
1168,Gilalai,Noun,|Gilalais|
1169,Gilboa,Noun,|Gilboas|
1170,Gilead,Noun,|Gileads|
1171,Gilead,Noun,|Gileads|
1172,Gilgal,Noun,|Gilgals|
1173,Giloh,Noun,|Gilohs|
1174,Ginnethon,Noun,|Ginnethons|
1175,Girgashite,Noun,|Girgashites|
1176,girl,Noun,|girls|
1177,Girzi,Noun,|Girzis|
1178,Girzite,Noun,|Girzites|
1179,Gishpa,Noun,|Gishpas|
1180,Gittaim,Noun,|Gittaims|
1181,Gittite,Noun,|Gittites|
1182,glory,Noun,|glory|
1183,Glory of Israel,Noun,|Glories|
1184,glove,Noun,|gloves|
1185,gnat,Noun,|gnats|
1186,goad,Noun,|goads|
1187,goal,Noun,|goals|
1188,goat,Noun,|goats|
1189,Gob,Noun,|Gobs|
1190,goblet,Noun,|goblets|
1191,God,Noun,|Gods|
1192,God Eternal,Noun,|Gods|
1193,God highest,Noun,|Gods|
1194,god,Noun,|gods|
1195,God Almighty,Noun,|Gods Almighty|
1196,God Most High,Noun,|Gods Most High|
1197,Goiim,Noun,|Goiims|
1198,Golan,Noun,|Golans|
1199,gold,Noun,|gold|
1200,Golgotha,Noun,|Golgothas|
1201,Goliath,Noun,|Goliaths|
1202,Gomer,Noun,|Gomers|
1203,Gomorrah,Noun,|Gomorrahs|
1204,goodness,Noun,|goodness|
1205,Good News,Noun,|Good News|
1206,goods,Noun,|goods|
1207,Goshen,Noun,|Goshens|
1208,gospel,Noun,|gospels|
1209,government,Noun,|governments|
1210,governor,Noun,|governors|
1211,Goyim,Noun,|Goyims|
1212,grace,Noun,|grace|
1213,grain,Noun,|grains|
1214,grain,Noun,|grain|
1215,gram,Noun,|grams|
1216,grandchild,Noun,|grandchildren|
1217,granddaughter,Noun,|granddaughters|
1218,grandfather,Noun,|grandfathers|
1219,grandson,Noun,|grandsons|
1220,grape,Noun,|grapes|
1221,grass,Noun,|grass|
1222,grave,Noun,|graves|
1223,Greater Sidon,Noun,|Greaters Sidon|
1224,Greece,Noun,|Greeces|
1225,Greek,Noun,|Greeks|
1226,groom,Noun,|grooms|
1227,ground,Noun,|grounds|
1228,group,Noun,|groups|
1229,grove olive,Noun,|groves|
1230,guard,Noun,|guards|
1231,guardian-redeemer,Noun,|guardian-redeemers|
1232,guest,Noun,|guests|
1233,guide,Noun,|guides|
1234,Guni,Noun,|Gunis|
1235,Habakkuk,Noun,|Habakkuks|
1236,Habakkuk,Noun,|Habakkuks|
1237,Hachmon,Noun,|Hachmons|
1238,Hadad,Noun,|Hadads|
1239,Hadadezer,Noun,|Hadadezers|
1240,Hadashah,Noun,|Hadashahs|
1241,Hadassah,Noun,|Hadassahs|
1242,Hades,Noun,|Hadeses|
1243,Hadid,Noun,|Hadids|
1244,Hadoram,Noun,|Hadorams|
1245,Haeleph,Noun,|Haelephs|
1246,Hagaba,Noun,|Hagabas|
1247,Hagar,Noun,|Hagars|
1248,Haggai,Noun,|Haggais|
1249,Haggedolim,Noun,|Haggedolims|
1250,Haggi,Noun,|Haggis|
1251,Haggith,Noun,|Haggiths|
1252,Hagri,Noun,|Hagris|
1253,hail,Noun,|hail|
1254,hair,Noun,|hairs|
1255,Hakaliah,Noun,|Hakaliahs|
1256,Hakilah,Noun,|Hakilahs|
1257,Hakkoz,Noun,|Hakkozs|
1258,Hakmon,Noun,|Hakmons|
1259,Hakupha,Noun,|Hakuphas|
1260,Halhul,Noun,|Halhuls|
1261,Hali,Noun,|Halis|
1262,Hall of Justice,Noun,|Halls of Justice|
1263,Hallohesh,Noun,|Halloheshes|
1264,Ham,Noun,|Hams|
1265,Ham,Noun,|Hams|
1266,Haman,Noun,|Hamans|
1267,Hamath,Noun,|Hamaths|
1268,Hamathite,Noun,|Hamathites|
1269,Hammath,Noun,|Hammaths|
1270,Hammedatha,Noun,|Hammedathas|
1271,hammer,Noun,|hammers|
1272,Hammon,Noun,|Hammons|
1273,Hammoth Dor,Noun,|Hammoths Dor|
1274,Hamor,Noun,|Hamors|
1275,Hamul,Noun,|Hamuls|
1276,Hanan,Noun,|Hanans|
1277,Hanani,Noun,|Hananis|
1278,Hananiah,Noun,|Hananiahs|
1279,hand,Noun,|hands|
1280,Hannah,Noun,|Hannahs|
1281,Hannathon,Noun,|Hannathons|
1282,Hanok,Noun,|Hanoks|
1283,Hanun,Noun,|Hanuns|
1284,Hapharaim,Noun,|Hapharaims|
1285,Haran,Noun,|Harans|
1286,Haran,Noun,|Harans|
1287,Harar,Noun,|Harars|
1288,Harbona,Noun,|Harbonas|
1289,harbor,Noun,|harbors|
1290,Harhaiah,Noun,|Harhaiahs|
1291,Harhur,Noun,|Harhurs|
1292,Harim,Noun,|Harims|
1293,Hariph,Noun,|Hariphs|
1294,Hariph,Noun,|Hariphs|
1295,Harod,Noun,|Harods|
1296,Harosheth-Haggoyim,Noun,|Harosheth-Haggoyims|
1297,harp,Noun,|harps|
1298,Harsha,Noun,|Harshas|
1299,Harumaph,Noun,|Harumaphs|
1300,Hashabiah,Noun,|Hashabiahs|
1301,Hashabnah,Noun,|Hashabnahs|
1302,Hashabneiah,Noun,|Hashabneiahs|
1303,Hashbaddanah,Noun,|Hashbaddanahs|
1304,Hashum,Noun,|Hashums|
1305,Hashum,Noun,|Hashums|
1306,Hassenaah,Noun,|Hassenaahs|
1307,Hassenuah,Noun,|Hassenuahs|
1308,Hasshub,Noun,|Hasshubs|
1309,Hasupha,Noun,|Hasuphas|
1310,hat,Noun,|hats|
1311,Hathak,Noun,|Hathaks|
1312,Hatipha,Noun,|Hatiphas|
1313,Hatita,Noun,|Hatitas|
1314,Hattil,Noun,|Hattils|
1315,Hattush,Noun,|Hattushes|
1316,Havilah,Noun,|Havilahs|
1317,Havvoth Jair,Noun,|Havvoths Jair|
1318,Hazaiah,Noun,|Hazaiahs|
1319,Hazar Gaddah,Noun,|Hazars Gaddah|
1320,Hazarmaveth,Noun,|Hazarmaveths|
1321,Hazar Shual,Noun,|Hazars Shual|
1322,Hazar Susah,Noun,|Hazars Susah|
1323,Hazezon Tamar,Noun,|Hazezons Tamar|
1324,Hazo,Noun,|Hazos|
1325,Hazor,Noun,|Hazors|
1326,Hazor,Noun,|Hazors|
1327,Hazor Hadattah,Noun,|Hazors Hadattah|
1328,head,Noun,|heads|
1329,heart,Noun,|hearts|
1330,heat,Noun,|heat|
1331,heaven,Noun,|heavens|
1332,heaven,Noun,|heavens|
1333,Heber,Noun,|Hebers|
1334,Hebrew,Noun,|Hebrews|
1335,Hebrew,Noun,|Hebrews|
1336,Hebrews,Noun,|Hebrewses|
1337,Hebron,Noun,|Hebrons|
1338,hectare,Noun,|hectares|
1339,heel,Noun,|heels|
1340,Hegai,Noun,|Hegais|
1341,height,Noun,|heights|
1342,Helam,Noun,|Helams|
1343,Helbah,Noun,|Helbahs|
1344,Heled,Noun,|Heleds|
1345,Helek,Noun,|Heleks|
1346,Heleph,Noun,|Helephs|
1347,Helez,Noun,|Helezs|
1348,Heli,Noun,|Helis|
1349,Helkai,Noun,|Helkais|
1350,Helkath,Noun,|Helkaths|
1351,Helkath Hazzurim,Noun,|Helkaths Hazzurim|
1352,hell,Noun,|hells|
1353,helmet,Noun,|helmets|
1354,Heman,Noun,|Hemans|
1355,Hemdan,Noun,|Hemdans|
1356,Henadad,Noun,|Henadads|
1357,Hepher,Noun,|Hephers|
1358,Hepher,Noun,|Hephers|
1359,herald,Noun,|heralds|
1360,herb,Noun,|herbs|
1361,herd,Noun,|herds|
1362,Heres,Noun,|Hereses|
1363,Hereth,Noun,|Hereths|
1364,Hermes,Noun,|Hermeses|
1365,Herod,Noun,|Herods|
1366,Herodias,Noun,|Herodiases|
1367,Heshbon,Noun,|Heshbons|
1368,Heshmon,Noun,|Heshmons|
1369,Heth,Noun,|Heths|
1370,Heth,Noun,|Heths|
1371,Hezekiah,Noun,|Hezekiahs|
1372,Hezir,Noun,|Hezirs|
1373,Hezro,Noun,|Hezros|
1374,Hezron,Noun,|Hezrons|
1375,Hezron,Noun,|Hezrons|
1376,Hiddai,Noun,|Hiddais|
1377,Hierapolis,Noun,|Hierapolises|
1378,Hilkiah,Noun,|Hilkiahs|
1379,Hill of Ophel,Noun,|Hills|
1380,hill,Noun,|hills|
1381,Hillel,Noun,|Hillels|
1382,hip,Noun,|hips|
1383,Hirah,Noun,|Hirahs|
1384,Hiram,Noun,|Hirams|
1385,history,Noun,|histories|
1386,Hittite,Noun,|Hittites|
1387,HIV,Noun,|HIV|
1388,Hivite,Noun,|Hivites|
1389,Hobab,Noun,|Hobabs|
1390,Hobah,Noun,|Hobahs|
1391,Hobaiah,Noun,|Hobaiahs|
1392,Hodaviah,Noun,|Hodaviahs|
1393,Hodiah,Noun,|Hodiahs|
1394,Hoglah,Noun,|Hoglahs|
1395,Hoham,Noun,|Hohams|
1396,hole,Noun,|holes|
1397,holiday,Noun,|holidays|
1398,Holon,Noun,|Holons|
1399,Holy Place,Noun,|Holies|
1400,Holy Spirit,Noun,|Holies|
1401,Homam,Noun,|Homams|
1402,honey,Noun,|honey|
1403,honor,Noun,|honor|
1404,hook,Noun,|hooks|
1405,hope,Noun,|hope|
1406,Hophni,Noun,|Hophnis|
1407,Horam,Noun,|Horams|
1408,Horeb,Noun,|Horebs|
1409,Horem,Noun,|Horems|
1410,Horesh,Noun,|Horeshes|
1411,Hori,Noun,|Horis|
1412,Horite,Noun,|Horites|
1413,Hormah,Noun,|Hormahs|
1414,horn,Noun,|horns|
1415,hornet,Noun,|hornets|
1416,Horon,Noun,|Horons|
1417,Horonaim,Noun,|Horonaims|
1418,horse,Noun,|horses|
1419,Hosah,Noun,|Hosahs|
1420,Hosanna,Noun,|Hosannas|
1421,Hosea,Noun,|Hoseas|
1422,Hoshaiah,Noun,|Hoshaiahs|
1423,Hoshea,Noun,|Hosheas|
1424,hour,Noun,|hours|
1425,house,Noun,|houses|
1426,House of the Forest of Lebanon,Noun,|Houses of the Forest of Lebanon|
1427,Hukkok,Noun,|Hukkoks|
1428,Hul,Noun,|Huls|
1429,human,Noun,|humans|
1430,Humtah,Noun,|Humtahs|
1431,Huppim,Noun,|Huppims|
1432,Hur,Noun,|Hurs|
1433,husband,Noun,|husbands|
1434,Hushah,Noun,|Hushahs|
1435,Hushai,Noun,|Hushais|
1436,Husham,Noun,|Hushams|
1437,Hushath,Noun,|Hushaths|
1438,Hushim,Noun,|Hushims|
1439,hymn,Noun,|hymns|
1440,hypocrite,Noun,|hypocrites|
1441,I AM,Noun,|Is AM|
1442,Ibhar,Noun,|Ibhars|
1443,Ibleam,Noun,|Ibleams|
1444,Ibzan,Noun,|Ibzans|
1445,ice,Noun,|ice|
1446,Ichabod,Noun,|Ichabods|
1447,Iconium,Noun,|Iconiums|
1448,Idalah,Noun,|Idalahs|
1449,Iddo,Noun,|Iddos|
1450,idea,Noun,|ideas|
1451,idol,Noun,|idols|
1452,Idumea,Noun,|Idumeas|
1453,Igal,Noun,|Igals|
1454,Iim,Noun,|Iims|
1455,Ikkesh,Noun,|Ikkeshes|
1456,Ilym,Noun,|Ilyms|
1457,image,Noun,|images|
1458,Immanuel,Noun,|Immanuels|
1459,Immer,Noun,|Immers|
1460,Imnah,Noun,|Imnahs|
1461,Imri,Noun,|Imris|
1462,incense,Noun,|incense|
1463,inch,Noun,|inches|
1464,India,Noun,|Indias|
1465,information,Noun,|information|
1466,Iniko,Noun,|Inikos|
1467,injury,Noun,|injuries|
1468,inn,Noun,|inns|
1469,insect,Noun,|insects|
1470,inside,Noun,|insides|
1471,instruction,Noun,|instructions|
1472,instrument,Noun,|instruments|
1473,interest,Noun,|interest|
1474,intestine,Noun,|intestines|
1475,Iphtah,Noun,|Iphtahs|
1476,Ira,Noun,|Iras|
1477,Irad,Noun,|Irads|
1478,Iram,Noun,|Irams|
1479,iron,Noun,|iron|
1480,Iron,Noun,|Irons|
1481,Irpeel,Noun,|Irpeels|
1482,Ir Shemesh,Noun,|Irs Shemesh|
1483,Isaac,Noun,|Isaacs|
1484,Isaiah,Noun,|Isaiahs|
1485,Isak,Noun,|Isaks|
1486,Iscah,Noun,|Iscahs|
1487,Ish-Bosheth,Noun,|Ish-Bosheths|
1488,Ishbak,Noun,|Ishbaks|
1489,Ishbi-Benob,Noun,|Ishbi-Benobs|
1490,Ishmael,Noun,|Ishmaels|
1491,Ishmaelite,Noun,|Ishmaelites|
1492,Ishvah,Noun,|Ishvahs|
1493,Ishvi,Noun,|Ishvis|
1494,island,Noun,|islands|
1495,Israel,Noun,|Israels|
1496,Israel,Noun,|Israels|
1497,Israelite,Noun,|Israelites|
1498,Issachar,Noun,|Issachars|
1499,it,Noun,|its|
1500,Italy,Noun,|Italies|
1501,Ithai,Noun,|Ithais|
1502,Ithamar,Noun,|Ithamars|
1503,Ithiel,Noun,|Ithiels|
1504,Ithlah,Noun,|Ithlahs|
1505,Ithnan,Noun,|Ithnans|
1506,Ithran,Noun,|Ithrans|
1507,Ithream,Noun,|Ithreams|
1508,Ittai,Noun,|Ittais|
1509,Iturea,Noun,|Itureas|
1510,ivory,Noun,|ivory|
1511,Izhar,Noun,|Izhars|
1512,Jaala,Noun,|Jaalas|
1513,Jabal,Noun,|Jabals|
1514,Jabbok,Noun,|Jabboks|
1515,Jabesh,Noun,|Jabeshes|
1516,Jabesh Gilead,Noun,|Jabeshes|
1517,Jabin,Noun,|Jabins|
1518,Jabneel,Noun,|Jabneels|
1519,jackal,Noun,|jackals|
1520,Jacob,Noun,|Jacobs|
1521,Jaddu,Noun,|Jaddus|
1522,Jaddua,Noun,|Jadduas|
1523,Jadon,Noun,|Jadons|
1524,Jael,Noun,|Jaels|
1525,Jagur,Noun,|Jagurs|
1526,Jahaz,Noun,|Jahazs|
1527,Jahleel,Noun,|Jahleels|
1528,Jahziel,Noun,|Jahziels|
1529,Jair,Noun,|Jairs|
1530,Jair,Noun,|Jairs|
1531,Jairus,Noun,|Jairuses|
1532,Jakeh,Noun,|Jakehs|
1533,Jakin,Noun,|Jakins|
1534,Jalam,Noun,|Jalams|
1535,James,Noun,|Jameses|
1536,Jamin,Noun,|Jamins|
1537,Janet,Noun,|Janets|
1538,Janim,Noun,|Janims|
1539,Jannai,Noun,|Jannais|
1540,Janoah,Noun,|Janoahs|
1541,Japheth,Noun,|Japheths|
1542,Japhia,Noun,|Japhias|
1543,Japhia,Noun,|Japhias|
1544,Japhletite,Noun,|Japhletites|
1545,jar,Noun,|jars|
1546,Jared,Noun,|Jareds|
1547,Jarmuth,Noun,|Jarmuths|
1548,Jashar,Noun,|Jashars|
1549,Jashen,Noun,|Jashens|
1550,Jashub,Noun,|Jashubs|
1551,Jason,Noun,|Jasons|
1552,Jattir,Noun,|Jattirs|
1553,Javan,Noun,|Javans|
1554,jaw,Noun,|jaws|
1555,Jazar,Noun,|Jazars|
1556,Jazer,Noun,|Jazers|
1557,Jebusite,Noun,|Jebusites|
1558,Jeconiah,Noun,|Jeconiahs|
1559,Jedaiah,Noun,|Jedaiahs|
1560,Jedidiah,Noun,|Jedidiahs|
1561,Jeduthun,Noun,|Jeduthuns|
1562,Jegar Sahadutha,Noun,|Jegars Sahadutha|
1563,Jehohanan,Noun,|Jehohanans|
1564,Jehoiachin,Noun,|Jehoiachins|
1565,Jehoiada,Noun,|Jehoiadas|
1566,Jehoiakim,Noun,|Jehoiakims|
1567,Jehonathan,Noun,|Jehonathans|
1568,Jehoram,Noun,|Jehorams|
1569,Jehoshaphat,Noun,|Jehoshaphats|
1570,Jehovah Jireh,Noun,|Jehovah Jireh|
1571,Jehovah Nissi,Noun,|Jehovahs Nissi|
1572,Jehud,Noun,|Jehuds|
1573,Jekabzeel,Noun,|Jekabzeels|
1574,Jemuel,Noun,|Jemuels|
1575,Jephthah,Noun,|Jephthahs|
1576,Jephunneh,Noun,|Jephunnehs|
1577,Jerah,Noun,|Jerahs|
1578,Jerahmeel,Noun,|Jerahmeels|
1579,Jerahmeelite,Noun,|Jerahmeelites|
1580,Jeremiah,Noun,|Jeremiahs|
1581,Jericho,Noun,|Jerichos|
1582,Jeroboam,Noun,|Jeroboams|
1583,Jeroham,Noun,|Jerohams|
1584,Jerub-Baal,Noun,|Jerub-Baals|
1585,Jerub-Besheth,Noun,|Jerub-Besheths|
1586,Jerusalem,Noun,|Jerusalems|
1587,Jeshaiah,Noun,|Jeshaiahs|
1588,Jeshimon,Noun,|Jeshimons|
1589,Jeshua,Noun,|Jeshuas|
1590,Jeshua,Noun,|Jeshuas|
1591,Jesse,Noun,|Jesses|
1592,Jesus,Noun,|Jesuses|
1593,Jesus-Barabbas,Noun,|Jesus-Barabbases|
1594,Jether,Noun,|Jethers|
1595,Jetheth,Noun,|Jetheths|
1596,Jethro,Noun,|Jethros|
1597,Jetur,Noun,|Jeturs|
1598,Jeush,Noun,|Jeushes|
1599,Jew,Noun,|Jews|
1600,jewel,Noun,|jewels|
1601,jewelry,Noun,|jewelry|
1602,Jezebel,Noun,|Jezebels|
1603,Jezer,Noun,|Jezers|
1604,Jezrahiah,Noun,|Jezrahiahs|
1605,Jezreel,Noun,|Jezreels|
1606,Jidlaph,Noun,|Jidlaphs|
1607,Joab,Noun,|Joabs|
1608,Joanan,Noun,|Joanans|
1609,Joanna,Noun,|Joannas|
1610,Joash,Noun,|Joashes|
1611,job,Noun,|jobs|
1612,Jobab,Noun,|Jobabs|
1613,Jochebed,Noun,|Jochebeds|
1614,Joda,Noun,|Jodas|
1615,Joed,Noun,|Joeds|
1616,Joel,Noun,|Joels|
1617,Jogbehah,Noun,|Jogbehahs|
1618,Johanan,Noun,|Johanans|
1619,John,Noun,|Johns|
1620,Joiada,Noun,|Joiadas|
1621,Joiakim,Noun,|Joiakims|
1622,Joiarib,Noun,|Joiaribs|
1623,Jokdeam,Noun,|Jokdeams|
1624,joke,Noun,|jokes|
1625,Jokmeam,Noun,|Jokmeams|
1626,Jokneam,Noun,|Jokneams|
1627,Jokshan,Noun,|Jokshans|
1628,Joktan,Noun,|Joktans|
1629,Joktheel,Noun,|Joktheels|
1630,Jonadab,Noun,|Jonadabs|
1631,Jonah,Noun,|Jonahs|
1632,Jonam,Noun,|Jonams|
1633,Jonathan,Noun,|Jonathans|
1634,Joppa,Noun,|Joppas|
1635,Joram,Noun,|Jorams|
1636,Jordan,Noun,|Jordans|
1637,Jordan Valley,Noun,|Jordans Valley|
1638,Jorim,Noun,|Jorims|
1639,Josech,Noun,|Joseches|
1640,Joseph,Noun,|Josephs|
1641,Josheb-Basshebeth,Noun,|Josheb-Basshebeths|
1642,Joshua,Noun,|Joshuas|
1643,Josiah,Noun,|Josiahs|
1644,Jotham,Noun,|Jothams|
1645,joy,Noun,|joy|
1646,Jozabad,Noun,|Jozabads|
1647,Jozadak,Noun,|Jozadaks|
1648,Jubal,Noun,|Jubals|
1649,Judah,Noun,|Judahs|
1650,Judah,Noun,|Judahs|
1651,Judas,Noun,|Judases|
1652,Judas Iscariot,Noun,|Judases|
1653,Judea,Noun,|Judeas|
1654,judge,Noun,|judges|
1655,Judges,Noun,|Judgeses|
1656,Judith,Noun,|Judiths|
1657,Julius,Noun,|Juliuses|
1658,Jumoke,Noun,|Jumokes|
1659,June,Noun,|Junes|
1660,justice,Noun,|justice|
1661,Justus,Noun,|Justuses|
1662,Juttah,Noun,|Juttahs|
1663,Kabbon,Noun,|Kabbons|
1664,Kabul,Noun,|Kabuls|
1665,Kabzeel,Noun,|Kabzeels|
1666,Kadesh,Noun,|Kadeshes|
1667,Kadesh Barnea,Noun,|Kadeshes|
1668,Kadmiel,Noun,|Kadmiels|
1669,Kadmonite,Noun,|Kadmonites|
1670,Kain,Noun,|Kains|
1671,Kalkol,Noun,|Kalkols|
1672,Kallai,Noun,|Kallais|
1673,Kamon,Noun,|Kamons|
1674,Kanah,Noun,|Kanahs|
1675,Kande,Noun,|Kandes|
1676,Karka,Noun,|Karkas|
1677,Karkor,Noun,|Karkors|
1678,Karmi,Noun,|Karmis|
1679,Karshena,Noun,|Karshenas|
1680,Kartah,Noun,|Kartahs|
1681,Kartan,Noun,|Kartans|
1682,Kattath,Noun,|Kattaths|
1683,Kedar,Noun,|Kedars|
1684,Kedemah,Noun,|Kedemahs|
1685,Kedemoth,Noun,|Kedemoths|
1686,Kedesh,Noun,|Kedeshes|
1687,Kedorlaomer,Noun,|Kedorlaomers|
1688,Keilah,Noun,|Keilahs|
1689,Kelita,Noun,|Kelitas|
1690,Kemuel,Noun,|Kemuels|
1691,Kenan,Noun,|Kenans|
1692,Kenani,Noun,|Kenanis|
1693,Kenaz,Noun,|Kenazs|
1694,Kenite,Noun,|Kenites|
1695,Kenizzite,Noun,|Kenizzites|
1696,Kephar Ammoni,Noun,|Kephars Ammoni|
1697,Kephirah,Noun,|Kephirahs|
1698,Keran,Noun,|Kerans|
1699,Kereth,Noun,|Kereths|
1700,Kerethite,Noun,|Kerethites|
1701,Kerioth Hezron,Noun,|Kerioths Hezron|
1702,Keros,Noun,|Keroses|
1703,Kerub,Noun,|Kerubs|
1704,Kesed,Noun,|Keseds|
1705,Kesil,Noun,|Kesils|
1706,Kesulloth,Noun,|Kesulloths|
1707,Keturah,Noun,|Keturahs|
1708,key,Noun,|keys|
1709,Kezib,Noun,|Kezibs|
1710,Kibzaim,Noun,|Kibzaims|
1711,Kileab,Noun,|Kileabs|
1712,Kilion,Noun,|Kilions|
1713,kilogram,Noun,|kilograms|
1714,kilometer,Noun,|kilometers|
1715,Kimham,Noun,|Kimhams|
1716,Kinah,Noun,|Kinahs|
1717,kind,Noun,|kinds|
1718,king,Noun,|kings|
1719,King,Noun,|Kings|
1720,kingdom,Noun,|kingdoms|
1721,Kinnereth,Noun,|Kinnereths|
1722,Kiriath,Noun,|Kiriaths|
1723,Kiriath-Arba,Noun,|Kiriath-Arbas|
1724,Kiriath-Sepher,Noun,|Kiriath-Sephers|
1725,Kiriathaim,Noun,|Kiriathaims|
1726,Kiriath Baal,Noun,|Kiriaths Baal|
1727,Kiriath Jearim,Noun,|Kiriaths Jearim|
1728,Kiriath Sannah,Noun,|Kiriaths Sannah|
1729,Kish,Noun,|Kishes|
1730,Kishion,Noun,|Kishions|
1731,Kishon,Noun,|Kishons|
1732,Kislev,Noun,|Kislevs|
1733,Kisloth Tabor,Noun,|Kisloths Tabor|
1734,Kitlish,Noun,|Kitlishes|
1735,Kitron,Noun,|Kitrons|
1736,Kittite,Noun,|Kittites|
1737,knee,Noun,|knees|
1738,knife,Noun,|knives|
1739,knowledge,Noun,|knowledge|
1740,Kohath,Noun,|Kohaths|
1741,Kol-Hozeh,Noun,|Kol-Hozehs|
1742,Kolaiah,Noun,|Kolaiahs|
1743,Korah,Noun,|Korahs|
1744,Korazin,Noun,|Korazins|
1745,Kue,Noun,|Kues|
1746,Laban,Noun,|Labans|
1747,Lachish,Noun,|Lachishes|
1748,ladder,Noun,|ladders|
1749,Lahmas,Noun,|Lahmases|
1750,Laish,Noun,|Laishes|
1751,lake,Noun,|lakes|
1752,Lake Galilee,Noun,|Lakes Galilee|
1753,Lake Gennesaret,Noun,|Lakes Gennesaret|
1754,Lakkum,Noun,|Lakkums|
1755,lamb,Noun,|lambs|
1756,Lamech,Noun,|Lameches|
1757,lamp,Noun,|lamps|
1758,land,Noun,|land|
1759,language,Noun,|languages|
1760,Laodicea,Noun,|Laodiceas|
1761,Lappidoth,Noun,|Lappidoths|
1762,Lasea,Noun,|Laseas|
1763,Lasha,Noun,|Lashas|
1764,Lasharon,Noun,|Lasharons|
1765,law,Noun,|laws|
1766,Law,Noun,|Laws|
1767,lawyer,Noun,|lawyers|
1768,layer,Noun,|layers|
1769,Lazarus,Noun,|Lazaruses|
1770,lead,Noun,|lead|
1771,leader,Noun,|leaders|
1772,leaf,Noun,|leaves|
1773,Leah,Noun,|Leahs|
1774,leather,Noun,|leather|
1775,Lebana,Noun,|Lebanas|
1776,Lebanon,Noun,|Lebanons|
1777,Lebanon Valley,Noun,|Lebanons Valley|
1778,Lebaoth,Noun,|Lebaoths|
1779,Lebo-Hamath,Noun,|Lebo-Hamaths|
1780,Lebonah,Noun,|Lebonahs|
1781,leg,Noun,|legs|
1782,Legion,Noun,|Legions|
1783,Lehabite,Noun,|Lehabites|
1784,Lehi,Noun,|Lehis|
1785,Lemuel,Noun,|Lemuels|
1786,length,Noun,|lengths|
1787,lentil,Noun,|lentils|
1788,leopard,Noun,|leopards|
1789,leprosy,Noun,|leprosy|
1790,Leshem,Noun,|Leshems|
1791,lesson,Noun,|lessons|
1792,letter,Noun,|letters|
1793,Letush,Noun,|Letushes|
1794,Letushite,Noun,|Letushites|
1795,Leum,Noun,|Leums|
1796,Leummite,Noun,|Leummites|
1797,Levi,Noun,|Levis|
1798,Levi,Noun,|Levis|
1799,Levite,Noun,|Levites|
1800,Leviticus,Noun,|Leviticuses|
1801,Libnah,Noun,|Libnahs|
1802,Libni,Noun,|Libnis|
1803,Libya,Noun,|Libyas|
1804,life,Noun,|lives|
1805,ligament,Noun,|ligaments|
1806,light,Noun,|light|
1807,light,Noun,|lights|
1808,lightning,Noun,|lightning|
1809,lily,Noun,|lilies|
1810,line,Noun,|lines|
1811,linen,Noun,|linen|
1812,lion,Noun,|lions|
1813,lip,Noun,|lips|
1814,liquid,Noun,|liquids|
1815,list,Noun,|lists|
1816,liter,Noun,|liters|
1817,liver,Noun,|livers|
1818,livestock,Noun,|livestock|
1819,load,Noun,|loads|
1820,loaf,Noun,|loaves|
1821,locust,Noun,|locusts|
1822,Lod,Noun,|Lods|
1823,Lo Debar,Noun,|Los Debar|
1824,Lord,Noun,|Lords|
1825,Lord,Noun,|Lords|
1826,LORD,Noun,|LORDs|
1827,lord,Noun,|lords|
1828,LORD Almighty,Noun,|LORDs Almighty|
1829,lot,Noun,|lots|
1830,Lot,Noun,|Lots|
1831,Lotan,Noun,|Lotans|
1832,love,Noun,|love|
1833,Lower Beth Horon,Noun,|Lowers Beth Horon|
1834,Lucius,Noun,|Luciuses|
1835,Lud,Noun,|Luds|
1836,Ludite,Noun,|Ludites|
1837,Luke,Noun,|Lukes|
1838,Luz,Noun,|Luzs|
1839,Lycaonia,Noun,|Lycaonias|
1840,Lycia,Noun,|Lycias|
1841,Lydda,Noun,|Lyddas|
1842,Lydia,Noun,|Lydias|
1843,lyre,Noun,|lyres|
1844,Lysanias,Noun,|Lysaniases|
1845,Lysias,Noun,|Lysiases|
1846,Lystra,Noun,|Lystras|
1847,Maacah,Noun,|Maacahs|
1848,Maai,Noun,|Maais|
1849,Maakah,Noun,|Maakahs|
1850,Maakah,Noun,|Maakahs|
1851,Maarath,Noun,|Maaraths|
1852,Maaseiah,Noun,|Maaseiahs|
1853,Maath,Noun,|Maaths|
1854,Maaziah,Noun,|Maaziahs|
1855,Macedonia,Noun,|Macedonias|
1856,machine,Noun,|machines|
1857,Machpelah,Noun,|Machpelahs|
1858,Madai,Noun,|Madais|
1859,Madmannah,Noun,|Madmannahs|
1860,Madon,Noun,|Madons|
1861,Magadan,Noun,|Magadans|
1862,Magdalene,Noun,|Magdalenes|
1863,Magdiel,Noun,|Magdiels|
1864,maggot,Noun,|maggots|
1865,magic,Noun,|magic|
1866,magician,Noun,|magicians|
1867,Magog,Noun,|Magogs|
1868,Magpiash,Noun,|Magpiashes|
1869,Mahalalel,Noun,|Mahalalels|
1870,Mahalath,Noun,|Mahalaths|
1871,Mahanaim,Noun,|Mahanaims|
1872,Mahaneh Dan,Noun,|Mahanehs Dan|
1873,Maharai,Noun,|Maharais|
1874,Mahlah,Noun,|Mahlahs|
1875,Mahli,Noun,|Mahlis|
1876,Mahlon,Noun,|Mahlons|
1877,Mahol,Noun,|Mahols|
1878,Makaz,Noun,|Makazs|
1879,Makir,Noun,|Makirs|
1880,Makkedah,Noun,|Makkedahs|
1881,Malachi,Noun,|Malachis|
1882,Malachi,Noun,|Malachis|
1883,Malkiel,Noun,|Malkiels|
1884,Malkijah,Noun,|Malkijahs|
1885,Malki Shua,Noun,|Malkis Shua|
1886,Malluk,Noun,|Malluks|
1887,Malta,Noun,|Maltas|
1888,Mamre,Noun,|Mamres|
1889,Mamre,Noun,|Mamres|
1890,man,Noun,|men|
1891,Manaen,Noun,|Manaens|
1892,manager,Noun,|managers|
1893,Manahath,Noun,|Manahaths|
1894,Manasseh,Noun,|Manassehs|
1895,manger,Noun,|mangers|
1896,manna,Noun,|manna|
1897,Manoah,Noun,|Manoahs|
1898,manure,Noun,|manure|
1899,manuscript,Noun,|manuscripts|
1900,Maok,Noun,|Maoks|
1901,Maon,Noun,|Maons|
1902,Maonite,Noun,|Maonites|
1903,Mara,Noun,|Maras|
1904,Marah,Noun,|Marahs|
1905,Maralah,Noun,|Maralahs|
1906,marble,Noun,|marble|
1907,March,Noun,|Marches|
1908,Mareshah,Noun,|Mareshahs|
1909,mark,Noun,|marks|
1910,Mark,Noun,|Marks|
1911,market,Noun,|markets|
1912,marriage,Noun,|marriages|
1913,Marsena,Noun,|Marsenas|
1914,Martha,Noun,|Marthas|
1915,Mary,Noun,|Maries|
1916,Mary Magdalene,Noun,|Maries|
1917,mason,Noun,|masons|
1918,Masrekah,Noun,|Masrekahs|
1919,Massa,Noun,|Massas|
1920,Massah,Noun,|Massahs|
1921,master,Noun,|masters|
1922,mat,Noun,|mats|
1923,mate,Noun,|mates|
1924,Matred,Noun,|Matreds|
1925,Matri,Noun,|Matris|
1926,Mattaniah,Noun,|Mattaniahs|
1927,Mattatha,Noun,|Mattathas|
1928,Mattathias,Noun,|Mattathiases|
1929,Mattenai,Noun,|Mattenais|
1930,Matthan,Noun,|Matthans|
1931,Matthat,Noun,|Matthats|
1932,Matthew,Noun,|Matthews|
1933,Matthias,Noun,|Matthiases|
1934,Mattithiah,Noun,|Mattithiahs|
1935,Me-Zahab,Noun,|Me-Zahabs|
1936,meal,Noun,|meals|
1937,meaning,Noun,|meanings|
1938,meat,Noun,|meat|
1939,Medan,Noun,|Medans|
1940,Medeba,Noun,|Medebas|
1941,Media,Noun,|Medias|
1942,medicine,Noun,|medicine|
1943,Mediterranean,Noun,|Mediterraneans|
1944,meeting,Noun,|meetings|
1945,Megiddo,Noun,|Megiddos|
1946,Mehetabel,Noun,|Mehetabels|
1947,Mehida,Noun,|Mehidas|
1948,Meholah,Noun,|Meholahs|
1949,Meholah,Noun,|Meholahs|
1950,Mehujael,Noun,|Mehujaels|
1951,Mehuman,Noun,|Mehumans|
1952,Me Jarkon,Noun,|Mes Jarkon|
1953,Mekonah,Noun,|Mekonahs|
1954,Melatiah,Noun,|Melatiahs|
1955,Melchi,Noun,|Melchis|
1956,Melchizedek,Noun,|Melchizedeks|
1957,Melea,Noun,|Meleas|
1958,Melissa,Noun,|Melissas|
1959,Melki,Noun,|Melkis|
1960,member,Noun,|members|
1961,Memukan,Noun,|Memukans|
1962,Mene,Noun,|Mene|
1963,Menna,Noun,|Mennas|
1964,Mephaath,Noun,|Mephaaths|
1965,Mephibosheth,Noun,|Mephibosheths|
1966,Merab,Noun,|Merabs|
1967,Meraiah,Noun,|Meraiahs|
1968,Meraioth,Noun,|Meraioths|
1969,Merar,Noun,|Merars|
1970,Merari,Noun,|Meraris|
1971,merchandise,Noun,|merchandise|
1972,merchant,Noun,|merchants|
1973,mercy,Noun,|mercy|
1974,Meremoth,Noun,|Meremoths|
1975,Meres,Noun,|Mereses|
1976,Meribah,Noun,|Meribahs|
1977,Meronoth,Noun,|Meronoths|
1978,Meroz,Noun,|Merozs|
1979,Mesha,Noun,|Meshas|
1980,Meshach,Noun,|Meshaches|
1981,Meshech,Noun,|Mesheches|
1982,Meshezabel,Noun,|Meshezabels|
1983,Meshillemoth,Noun,|Meshillemoths|
1984,Meshullam,Noun,|Meshullams|
1985,Mesopotamia,Noun,|Mesopotamias|
1986,message,Noun,|messages|
1987,messenger,Noun,|messengers|
1988,Messiah,Noun,|Messiahs|
1989,metal,Noun,|metal|
1990,meter,Noun,|meters|
1991,Metheg Ammah,Noun,|Methegs Ammah|
1992,Methuselah,Noun,|Methuselahs|
1993,Methushael,Noun,|Methushaels|
1994,Meunim,Noun,|Meunims|
1995,Mibsam,Noun,|Mibsams|
1996,Mibzar,Noun,|Mibzars|
1997,Micah,Noun,|Micahs|
1998,Micaiah,Noun,|Micaiahs|
1999,Michael,Noun,|Michaels|
2000,Michal,Noun,|Michals|
2001,Middin,Noun,|Middins|
2002,middle,Noun,|middles|
2003,Midian,Noun,|Midians|
2004,Midian,Noun,|Midians|
2005,Midianite,Noun,|Midianites|
2006,midnight,Noun,|midnight|
2007,midwife,Noun,|midwives|
2008,Migdal-Eder,Noun,|Migdal-Eders|
2009,Migdal El,Noun,|Migdals El|
2010,Migdal Gad,Noun,|Migdals Gad|
2011,Migdol,Noun,|Migdols|
2012,Migron,Noun,|Migrons|
2013,Mijamin,Noun,|Mijamins|
2014,Mika,Noun,|Mikas|
2015,Mikmash,Noun,|Mikmashes|
2016,Mikmethath,Noun,|Mikmethaths|
2017,Milalai,Noun,|Milalais|
2018,Milcah,Noun,|Milcahs|
2019,mile,Noun,|miles|
2020,Miletus,Noun,|Miletuses|
2021,milk,Noun,|milk|
2022,Milkah,Noun,|Milkahs|
2023,Millo,Noun,|Millos|
2024,mina,Noun,|minas|
2025,mind,Noun,|minds|
2026,Miniamin,Noun,|Miniamins|
2027,Minnith,Noun,|Minniths|
2028,mint,Noun,|mint|
2029,minute,Noun,|minutes|
2030,miracle,Noun,|miracles|
2031,Miriam,Noun,|Miriams|
2032,Mishael,Noun,|Mishaels|
2033,Mishal,Noun,|Mishals|
2034,Mishma,Noun,|Mishmas|
2035,Mispereth,Noun,|Mispereths|
2036,Misrephoth Maim,Noun,|Misrephoths Maim|
2037,mistake,Noun,|mistakes|
2038,Mitylene,Noun,|Mitylenes|
2039,Mizpah,Noun,|Mizpahs|
2040,Mizraim,Noun,|Mizraims|
2041,Mizzah,Noun,|Mizzahs|
2042,Mnason,Noun,|Mnasons|
2043,Moab,Noun,|Moabs|
2044,Moabite,Noun,|Moabites|
2045,Moadiah,Noun,|Moadiahs|
2046,model,Noun,|models|
2047,Moladah,Noun,|Moladahs|
2048,mold,Noun,|mold|
2049,Molech,Noun,|Moleches|
2050,money,Noun,|money|
2051,month,Noun,|months|
2052,moon,Noun,|moons|
2053,Mordecai,Noun,|Mordecais|
2054,Moreh,Noun,|Morehs|
2055,Moriah,Noun,|Moriahs|
2056,morning,Noun,|mornings|
2057,mortar,Noun,|mortar|
2058,Moses,Noun,|Moseses|
2059,Most Holy Place,Noun,|Mosts Holy Place|
2060,moth,Noun,|moths|
2061,mother,Noun,|mothers|
2062,mother-in-law,Noun,|mothers-in-law|
2063,motive,Noun,|motives|
2064,Mount Adummim,Noun,|Mounts Adummim|
2065,mountain,Noun,|mountains|
2066,Mount Baal-Hermon,Noun,|Mounts Baal-Hermon|
2067,Mount Baalah,Noun,|Mounts Baalah|
2068,Mount Carmel,Noun,|Mounts Carmel|
2069,Mount Ebal,Noun,|Mounts Ebal|
2070,Mount Edom,Noun,|Mounts Edom|
2071,Mount Ephron,Noun,|Mounts Ephron|
2072,Mount Gaash,Noun,|Mounts Gaash|
2073,Mount Gerizim,Noun,|Mounts Gerizim|
2074,Mount Gilboa,Noun,|Mounts Gilboa|
2075,Mount Gilead,Noun,|Mounts Gilead|
2076,Mount Halak,Noun,|Mounts Halak|
2077,Mount Hermon,Noun,|Mounts Hermon|
2078,Mount Horeb,Noun,|Mounts Horeb|
2079,Mount Jearim,Noun,|Mounts Jearim|
2080,Mount Kesalon,Noun,|Mounts Kesalon|
2081,Mount of Olives,Noun,|Mounts of Olives|
2082,Mount Paran,Noun,|Mounts Paran|
2083,Mount Pisgah,Noun,|Mounts Pisgah|
2084,Mount Seir,Noun,|Mounts Seir|
2085,Mount Sinai,Noun,|Mounts Sinai|
2086,Mount Tabor,Noun,|Mounts Tabor|
2087,Mount Zalmon,Noun,|Mounts Zalmon|
2088,Mount Zion,Noun,|Mounts Zion|
2089,mouth,Noun,|mouths|
2090,Mozah,Noun,|Mozahs|
2091,mule,Noun,|mules|
2092,Muppim,Noun,|Muppims|
2093,muscle,Noun,|muscles|
2094,Mushi,Noun,|Mushis|
2095,music,Noun,|music|
2096,Myra,Noun,|Myras|
2097,myrrh,Noun,|myrrh|
2098,Mysia,Noun,|Mysias|
2099,mystery,Noun,|mysteries|
2100,Naamah,Noun,|Naamahs|
2101,Naaman,Noun,|Naamans|
2102,Naarah,Noun,|Naarahs|
2103,Nabal,Noun,|Nabals|
2104,Nadab,Noun,|Nadabs|
2105,Naggai,Noun,|Naggais|
2106,Nahalal,Noun,|Nahalals|
2107,Nahalol,Noun,|Nahalols|
2108,Nahamani,Noun,|Nahamanis|
2109,Naharai,Noun,|Naharais|
2110,Nahash,Noun,|Nahashes|
2111,Nahath,Noun,|Nahaths|
2112,Nahor,Noun,|Nahors|
2113,Nahshon,Noun,|Nahshons|
2114,Nahum,Noun,|Nahums|
2115,nail,Noun,|nails|
2116,Nain,Noun,|Nains|
2117,Naioth,Noun,|Naioths|
2118,Nakon,Noun,|Nakons|
2119,name,Noun,|names|
2120,Name,Noun,|Names|
2121,Nano,Noun,|Nanos|
2122,Naomi,Noun,|Naomis|
2123,Naphish,Noun,|Naphishes|
2124,Naphoth,Noun,|Naphoths|
2125,Naphoth Dor,Noun,|Naphoths Dor|
2126,Naphtali,Noun,|Naphtalis|
2127,Naphtuhite,Noun,|Naphtuhites|
2128,nard,Noun,|nards|
2129,Nathan,Noun,|Nathans|
2130,Nathanael,Noun,|Nathanaels|
2131,nation,Noun,|nations|
2132,Nazareth,Noun,|Nazareths|
2133,Nazirite,Noun,|Nazirites|
2134,Neah,Noun,|Neahs|
2135,Neapolis,Noun,|Neapolises|
2136,Nebai,Noun,|Nebais|
2137,Nebaioth,Noun,|Nebaioths|
2138,Neballat,Noun,|Neballats|
2139,Nebo,Noun,|Nebos|
2140,Nebuchadnezzar,Noun,|Nebuchadnezzars|
2141,neck,Noun,|necks|
2142,necklace,Noun,|necklaces|
2143,needle,Noun,|needles|
2144,Negev,Noun,|Negevs|
2145,Nehemiah,Noun,|Nehemiahs|
2146,Nehum,Noun,|Nehums|
2147,Neiel,Noun,|Neiels|
2148,neighbor,Noun,|neighbors|
2149,Nekoda,Noun,|Nekodas|
2150,Nepheg,Noun,|Nephegs|
2151,nephew,Noun,|nephews|
2152,Nephilim,Noun,|Nephilim|
2153,Nephtoah,Noun,|Nephtoahs|
2154,Nephusim,Noun,|Nephusims|
2155,Ner,Noun,|Ners|
2156,Neri,Noun,|Neris|
2157,nerve,Noun,|nerves|
2158,nest,Noun,|nests|
2159,net,Noun,|nets|
2160,Nethanel,Noun,|Nethanels|
2161,Netophah,Noun,|Netophahs|
2162,Netophath,Noun,|Netophaths|
2163,Netty,Noun,|Netties|
2164,New Moon,Noun,|New Moon|
2165,news,Noun,|news|
2166,Neziah,Noun,|Neziahs|
2167,Nezib,Noun,|Nezibs|
2168,Nibshan,Noun,|Nibshans|
2169,Nicanor,Noun,|Nicanors|
2170,Nicodemus,Noun,|Nicodemuses|
2171,Nicolas,Noun,|Nicolases|
2172,Nicopolis,Noun,|Nicopolises|
2173,Niger,Noun,|Nigers|
2174,night,Noun,|nights|
2175,Nile,Noun,|Niles|
2176,Nimrod,Noun,|Nimrods|
2177,Nina,Noun,|Ninas|
2178,Nineveh,Noun,|Ninevehs|
2179,Nisan,Noun,|Nisans|
2180,Noadiah,Noun,|Noadiahs|
2181,Noah,Noun,|Noahs|
2182,Nob,Noun,|Nobs|
2183,Nobah,Noun,|Nobahs|
2184,noble,Noun,|nobles|
2185,Nod,Noun,|Nods|
2186,noise,Noun,|noises|
2187,noon,Noun,|noon|
2188,north,Noun,|north|
2189,nose,Noun,|noses|
2190,November,Noun,|Novembers|
2191,number,Noun,|numbers|
2192,Numbers,Noun,|Numbers|
2193,Nun,Noun,|Nuns|
2194,nurse,Noun,|nurses|
2195,Nympha,Noun,|Nymphas|
2196,oath,Noun,|oaths|
2197,Obadiah,Noun,|Obadiahs|
2198,Obal,Noun,|Obals|
2199,Obed,Noun,|Obeds|
2200,Obed-Edom,Noun,|Obed-Edoms|
2201,object,Noun,|objects|
2202,ocean,Noun,|oceans|
2203,offering,Noun,|offerings|
2204,offering burnt,Noun,|offerings|
2205,offering drink,Noun,|offerings|
2206,offering fellowship,Noun,|offerings|
2207,offering food,Noun,|offerings|
2208,offering Freewill,Noun,|offerings|
2209,offering grain,Noun,|offerings|
2210,offering sin,Noun,|offerings|
2211,office,Noun,|offices|
2212,officer,Noun,|officers|
2213,official,Noun,|officials|
2214,Og,Noun,|Ogs|
2215,Ohad,Noun,|Ohads|
2216,Oholibamah,Noun,|Oholibamahs|
2217,oil,Noun,|oil|
2218,oil olive,Noun,|oil|
2219,olive,Noun,|olives|
2220,Omar,Noun,|Omars|
2221,omer,Noun,|omers|
2222,On,Noun,|Ons|
2223,Onam,Noun,|Onams|
2224,Onan,Noun,|Onans|
2225,Onesimus,Noun,|Onesimuses|
2226,Ono,Noun,|Onos|
2227,onyx,Noun,|onyx|
2228,Ophel,Noun,|Ophels|
2229,Ophir,Noun,|Ophirs|
2230,Ophni,Noun,|Ophnis|
2231,Ophrah,Noun,|Ophrahs|
2232,opinion,Noun,|opinions|
2233,opponent,Noun,|opponents|
2234,Oreb,Noun,|Orebs|
2235,organ,Noun,|organs|
2236,organization,Noun,|organizations|
2237,Orpah,Noun,|Orpahs|
2238,orphan,Noun,|orphans|
2239,Othniel,Noun,|Othniels|
2240,ounce,Noun,|ounces|
2241,outside,Noun,|outsides|
2242,oven,Noun,|ovens|
2243,overseer,Noun,|overseers|
2244,owner,Noun,|owners|
2245,ox,Noun,|oxen|
2246,Paarai,Noun,|Paarais|
2247,Paddan Aram,Noun,|Paddans Aram|
2248,Padon,Noun,|Padons|
2249,Pahath-Moab,Noun,|Pahath-Moabs|
2250,pain,Noun,|pain|
2251,paint,Noun,|paint|
2252,palace,Noun,|palaces|
2253,Palace of the Forest of Lebanon,Noun,|Palaces of the Forest of Lebanon|
2254,Palal,Noun,|Palals|
2255,Pallu,Noun,|Pallus|
2256,palm,Noun,|palms|
2257,Palti,Noun,|Paltis|
2258,Paltiel,Noun,|Paltiels|
2259,Pamphylia,Noun,|Pamphylias|
2260,pan,Noun,|pans|
2261,Paphos,Noun,|Paphoses|
2262,parable,Noun,|parables|
2263,Parah,Noun,|Parahs|
2264,Paran,Noun,|Parans|
2265,parent,Noun,|parents|
2266,Parmashta,Noun,|Parmashtas|
2267,Parmenas,Noun,|Parmenases|
2268,Parosh,Noun,|Paroshes|
2269,Parshandatha,Noun,|Parshandathas|
2270,Parsin,Noun,|Parsin|
2271,part,Noun,|parts|
2272,Parthia,Noun,|Parthias|
2273,party,Noun,|parties|
2274,Paruah,Noun,|Paruahs|
2275,Pas Dammim,Noun,|Pases|
2276,Paseah,Noun,|Paseahs|
2277,Pashhur,Noun,|Pashhurs|
2278,Pashhur,Noun,|Pashhurs|
2279,Pass Scorpion,Noun,|Passes|
2280,Passhur,Noun,|Passhurs|
2281,Pass of Adummim,Noun,|Passes|
2282,Passover,Noun,|Passovers|
2283,past,Noun,|past|
2284,pastor,Noun,|pastors|
2285,pasture,Noun,|pastures|
2286,Patara,Noun,|Pataras|
2287,path,Noun,|paths|
2288,Pathrusite,Noun,|Pathrusites|
2289,Patmos,Noun,|Patmoses|
2290,Pau,Noun,|Paus|
2291,Paul,Noun,|Pauls|
2292,Paulus,Noun,|Pauluses|
2293,payment,Noun,|payments|
2294,pea,Noun,|peas|
2295,peace,Noun,|peace|
2296,peacock,Noun,|peacocks|
2297,pearl,Noun,|pearls|
2298,Pedaiah,Noun,|Pedaiahs|
2299,Pelaiah,Noun,|Pelaiahs|
2300,Pelaliah,Noun,|Pelaliahs|
2301,Pelatiah,Noun,|Pelatiahs|
2302,Peleg,Noun,|Pelegs|
2303,Pelet,Noun,|Pelets|
2304,Peleth,Noun,|Peleths|
2305,Pelethite,Noun,|Pelethites|
2306,pen,Noun,|pens|
2307,Peniel,Noun,|Peniels|
2308,Peninnah,Noun,|Peninnahs|
2309,penis,Noun,|penises|
2310,penny,Noun,|pennies|
2311,Pentecost,Noun,|Pentecosts|
2312,Penual,Noun,|Penuals|
2313,Peor,Noun,|Peors|
2314,Peres,Noun,|Peres|
2315,Perez,Noun,|Perezs|
2316,Perez Uzzah,Noun,|Perezs Uzzah|
2317,perfume,Noun,|perfumes|
2318,Perga,Noun,|Pergas|
2319,Perida,Noun,|Peridas|
2320,period,Noun,|periods|
2321,Perizzite,Noun,|Perizzites|
2322,Persia,Noun,|Persias|
2323,person,Noun,|people|
2324,Peter,Noun,|Peters|
2325,Pethahiah,Noun,|Pethahiahs|
2326,Pethuel,Noun,|Pethuels|
2327,Phanuel,Noun,|Phanuels|
2328,Pharaoh,Noun,|Pharaohs|
2329,Pharisee,Noun,|Pharisees|
2330,Phicol,Noun,|Phicols|
2331,Philemon,Noun,|Philemons|
2332,Philip,Noun,|Philips|
2333,Philippi,Noun,|Philippis|
2334,Philippians,Noun,|Philippians|
2335,Philistia,Noun,|Philistias|
2336,Philistine,Noun,|Philistines|
2337,Phinehas,Noun,|Phinehases|
2338,Phoenicia,Noun,|Phoenicias|
2339,Phoenician,Noun,|Phoenicians|
2340,Phoenix,Noun,|Phoenixes|
2341,Phrygia,Noun,|Phrygias|
2342,pick,Noun,|picks|
2343,picture,Noun,|pictures|
2344,piece,Noun,|pieces|
2345,pig,Noun,|pigs|
2346,pigeon,Noun,|pigeons|
2347,Pi Hahiroth,Noun,|Pis Hahiroth|
2348,Pilate,Noun,|Pilates|
2349,Pildash,Noun,|Pildashes|
2350,pile,Noun,|piles|
2351,Pilha,Noun,|Pilhas|
2352,pillar,Noun,|pillars|
2353,Pillar of Absalom,Noun,|Pillars of Absalom|
2354,Piltai,Noun,|Piltais|
2355,Pinon,Noun,|Pinons|
2356,Piram,Noun,|Pirams|
2357,Pirathon,Noun,|Pirathons|
2358,Pisgah,Noun,|Pisgahs|
2359,Pishon,Noun,|Pishons|
2360,Pisidia,Noun,|Pisidias|
2361,Pisidian Antioch,Noun,|Pisidians Antioch|
2362,pistachio,Noun,|pistachios|
2363,pit,Noun,|pits|
2364,pitcher,Noun,|pitchers|
2365,pitchfork,Noun,|pitchforks|
2366,Pithom,Noun,|Pithoms|
2367,pity,Noun,|pity|
2368,place,Noun,|places|
2369,plague,Noun,|plagues|
2370,plain,Noun,|plains|
2371,plain of Ono,Noun,|plains|
2372,plan,Noun,|plans|
2373,plant,Noun,|plants|
2374,plant hyssop,Noun,|plants|
2375,plant mandrake,Noun,|plants|
2376,plastic,Noun,|plastic|
2377,plate,Noun,|plates|
2378,platter,Noun,|platters|
2379,pleasure,Noun,|pleasures|
2380,plow,Noun,|plows|
2381,pocket,Noun,|pockets|
2382,poem,Noun,|poems|
2383,point,Noun,|points|
2384,poison,Noun,|poison|
2385,Pokereth-Hazzebaim,Noun,|Pokereth-Hazzebaims|
2386,pole,Noun,|poles|
2387,pomegranate,Noun,|pomegranates|
2388,pond,Noun,|ponds|
2389,Pontius Pilate,Noun,|Pontiuses|
2390,Pontus,Noun,|Pontuses|
2391,Pool of Siloam,Noun,|Pools|
2392,pool,Noun,|pools|
2393,Poratha,Noun,|Porathas|
2394,porch,Noun,|porches|
2395,Porcius Festus,Noun,|Porciuses|
2396,possession,Noun,|possessions|
2397,post,Noun,|posts|
2398,pot,Noun,|pots|
2399,Potiphar,Noun,|Potiphars|
2400,Potiphera,Noun,|Potipheras|
2401,pound,Noun,|pounds|
2402,power,Noun,|power|
2403,Praetorium,Noun,|Praetoriums|
2404,prayer,Noun,|prayers|
2405,present,Noun,|present|
2406,price,Noun,|prices|
2407,priest,Noun,|priests|
2408,prince,Noun,|princes|
2409,Prince of princes,Noun,|Princes of princes|
2410,princess,Noun,|princesses|
2411,Priscilla,Noun,|Priscillas|
2412,prison,Noun,|prisons|
2413,prisoner,Noun,|prisoners|
2414,prize,Noun,|prizes|
2415,problem,Noun,|problems|
2416,Procorus,Noun,|Procoruses|
2417,profit,Noun,|profit|
2418,promise,Noun,|promises|
2419,property,Noun,|properties|
2420,prophet,Noun,|prophets|
2421,prostitute,Noun,|prostitutes|
2422,proverb,Noun,|proverbs|
2423,Proverbs,Noun,|Proverbs|
2424,province,Noun,|provinces|
2425,Psalms,Noun,|Psalms|
2426,Ptolemais,Noun,|Ptolemaises|
2427,Puah,Noun,|Puahs|
2428,Publius,Noun,|Publiuses|
2429,Pur,Noun,|Purs|
2430,Purah,Noun,|Purahs|
2431,Purim,Noun,|Purims|
2432,purpose,Noun,|purposes|
2433,purse,Noun,|purses|
2434,pus,Noun,|pus|
2435,Put,Noun,|Puts|
2436,Put,Noun,|Puts|
2437,Puteoli,Noun,|Puteolis|
2438,Putiel,Noun,|Putiels|
2439,Pyrrhus,Noun,|Pyrrhuses|
2440,quail,Noun,|quails|
2441,quality,Noun,|qualities|
2442,quart,Noun,|quarts|
2443,queen,Noun,|queens|
2444,Queen,Noun,|Queens|
2445,question,Noun,|questions|
2446,Quirinius,Noun,|Quiriniuses|
2447,Raamah,Noun,|Raamahs|
2448,Raamiah,Noun,|Raamiahs|
2449,Rabbah,Noun,|Rabbahs|
2450,rabbi,Noun,|rabbis|
2451,Rabbith,Noun,|Rabbiths|
2452,raca,Noun,|racas|
2453,race,Noun,|races|
2454,Rachel,Noun,|Rachels|
2455,rage,Noun,|rage|
2456,Rahab,Noun,|Rahabs|
2457,rain,Noun,|rain|
2458,rainbow,Noun,|rainbows|
2459,raisin,Noun,|raisins|
2460,Rakal,Noun,|Rakals|
2461,Rakkath,Noun,|Rakkaths|
2462,Rakkon,Noun,|Rakkons|
2463,Ram,Noun,|Rams|
2464,ram,Noun,|rams|
2465,Ramah,Noun,|Ramahs|
2466,Ramathaim,Noun,|Ramathaims|
2467,Ramath Lehi,Noun,|Ramaths Lehi|
2468,Ramath Mizpah,Noun,|Ramaths Mizpah|
2469,Rameses,Noun,|Rameseses|
2470,Ramoth,Noun,|Ramoths|
2471,Ramoth Negev,Noun,|Ramoths Negev|
2472,Rapha,Noun,|Raphas|
2473,rat,Noun,|rats|
2474,rattle,Noun,|rattles|
2475,raven,Noun,|ravens|
2476,Reaiah,Noun,|Reaiahs|
2477,reason,Noun,|reasons|
2478,Reba,Noun,|Rebas|
2479,Rebekah,Noun,|Rebekahs|
2480,rebel,Noun,|rebels|
2481,reed,Noun,|reeds|
2482,region,Noun,|regions|
2483,region of Akzib,Noun,|regions of Akzib|
2484,Rehob,Noun,|Rehobs|
2485,Rehoboam,Noun,|Rehoboams|
2486,Rehoboth,Noun,|Rehoboths|
2487,Rehoboth Ir,Noun,|Rehoboths Ir|
2488,Rehum,Noun,|Rehums|
2489,Rei,Noun,|Reis|
2490,Rekab,Noun,|Rekabs|
2491,Rekem,Noun,|Rekems|
2492,Rekem,Noun,|Rekems|
2493,relationship,Noun,|relationships|
2494,relative,Noun,|relatives|
2495,religion,Noun,|religions|
2496,Remeth,Noun,|Remeths|
2497,Rephaiah,Noun,|Rephaiahs|
2498,Rephaite,Noun,|Rephaites|
2499,Rephan,Noun,|Rephans|
2500,Rephidim,Noun,|Rephidims|
2501,report,Noun,|reports|
2502,representative,Noun,|representatives|
2503,reptile,Noun,|reptiles|
2504,Resen,Noun,|Resens|
2505,result,Noun,|results|
2506,resurrection,Noun,|resurrections|
2507,Reu,Noun,|Reus|
2508,Reuben,Noun,|Reubens|
2509,Reuel,Noun,|Reuels|
2510,Reumah,Noun,|Reumahs|
2511,reward,Noun,|rewards|
2512,Rezin,Noun,|Rezins|
2513,Rhegium,Noun,|Rhegiums|
2514,Rhesa,Noun,|Rhesas|
2515,Rhoda,Noun,|Rhodas|
2516,Rhodes,Noun,|Rhodeses|
2517,rib,Noun,|ribs|
2518,Ribai,Noun,|Ribais|
2519,riddle,Noun,|riddles|
2520,right,Noun,|rights|
2521,righteousness,Noun,|righteousness|
2522,Rimmon,Noun,|Rimmons|
2523,Rimmon,Noun,|Rimmons|
2524,ring,Noun,|rings|
2525,ring nose,Noun,|rings|
2526,Riphath,Noun,|Riphaths|
2527,River Arnon,Noun,|Rivers|
2528,River Euphrates,Noun,|Rivers|
2529,River Jabbok,Noun,|Rivers|
2530,River Jordan,Noun,|Rivers|
2531,River Kishon,Noun,|Rivers|
2532,River Shihor,Noun,|Rivers|
2533,river,Noun,|rivers|
2534,River Nile,Noun,|Rivers|
2535,Rizpah,Noun,|Rizpahs|
2536,road,Noun,|roads|
2537,robe,Noun,|robes|
2538,Rock,Noun,|Rocks|
2539,rod,Noun,|rods|
2540,Rodanite,Noun,|Rodanites|
2541,Rogelim,Noun,|Rogelims|
2542,Romans,Noun,|Romanses|
2543,Rome,Noun,|Romes|
2544,roof,Noun,|roofs|
2545,room,Noun,|rooms|
2546,room banquet,Noun,|rooms|
2547,rooster,Noun,|roosters|
2548,root,Noun,|roots|
2549,rope,Noun,|ropes|
2550,Rosh,Noun,|Roshes|
2551,row,Noun,|rows|
2552,Rufus,Noun,|Rufuses|
2553,rule,Noun,|rules|
2554,ruler,Noun,|rulers|
2555,rumor,Noun,|rumors|
2556,rust,Noun,|rust|
2557,Ruth,Noun,|Ruths|
2558,Sabbath,Noun,|Sabbaths|
2559,Sabean,Noun,|Sabeans|
2560,Sabtah,Noun,|Sabtahs|
2561,Sabteca,Noun,|Sabtecas|
2562,sackcloth,Noun,|sackcloth|
2563,sacrifice,Noun,|sacrifices|
2564,sacrifice New Moon,Noun,|sacrifices|
2565,saddle,Noun,|saddles|
2566,Sadducee,Noun,|Sadducees|
2567,sail,Noun,|sails|
2568,saint,Noun,|saints|
2569,Salamis,Noun,|Salamises|
2570,Salekah,Noun,|Salekahs|
2571,Salem,Noun,|Salems|
2572,Salim,Noun,|Salims|
2573,saliva,Noun,|saliva|
2574,Sallei,Noun,|Salleis|
2575,Sallu,Noun,|Sallus|
2576,Salmon,Noun,|Salmons|
2577,Salmone,Noun,|Salmones|
2578,Salome,Noun,|Salomes|
2579,salt,Noun,|salt|
2580,salvation,Noun,|salvation|
2581,Samaria,Noun,|Samarias|
2582,Samaritan,Noun,|Samaritans|
2583,Samlah,Noun,|Samlahs|
2584,Samos,Noun,|Samoses|
2585,Samothrace,Noun,|Samothraces|
2586,Samson,Noun,|Samsons|
2587,Samuel,Noun,|Samuels|
2588,Sanballat,Noun,|Sanballats|
2589,sand,Noun,|sand|
2590,sandal,Noun,|sandals|
2591,Sanhedrin,Noun,|Sanhedrins|
2592,Sansannah,Noun,|Sansannahs|
2593,Saph,Noun,|Saphs|
2594,Sapphira,Noun,|Sapphiras|
2595,Sarah,Noun,|Sarahs|
2596,Sarai,Noun,|Sarais|
2597,Sarid,Noun,|Sarids|
2598,Satan,Noun,|Satans|
2599,Saul,Noun,|Sauls|
2600,Savior,Noun,|Saviors|
2601,saw,Noun,|saws|
2602,saying,Noun,|sayings|
2603,scale,Noun,|scales|
2604,scepter,Noun,|scepters|
2605,Sceva,Noun,|Scevas|
2606,school,Noun,|schools|
2607,scorpion,Noun,|scorpions|
2608,Scribe,Noun,|Scribes|
2609,scripture,Noun,|scriptures|
2610,scroll,Noun,|scrolls|
2611,Sea Dead,Noun,|Seas|
2612,Sea Mediterranean,Noun,|Seas|
2613,Sea Red,Noun,|Seas|
2614,sea,Noun,|seas|
2615,seah,Noun,|seahs|
2616,seal,Noun,|seals|
2617,Sea of Arabah,Noun,|Seas of Arabah|
2618,Sea of Galilee,Noun,|Seas of Galilee|
2619,season,Noun,|seasons|
2620,seat,Noun,|seats|
2621,Seba,Noun,|Sebas|
2622,second,Noun,|seconds|
2623,secret,Noun,|secrets|
2624,secretary,Noun,|secretaries|
2625,Secundus,Noun,|Secunduses|
2626,seed,Noun,|seeds|
2627,seed coriander,Noun,|seeds|
2628,seed mustard,Noun,|seeds|
2629,Seir,Noun,|Seirs|
2630,Seir,Noun,|Seirs|
2631,Seirah,Noun,|Seirahs|
2632,seizure,Noun,|seizures|
2633,Sekakah,Noun,|Sekakahs|
2634,Seku,Noun,|Sekus|
2635,Sela,Noun,|Selas|
2636,Sela Hammahlekoth,Noun,|Selas Hammahlekoth|
2637,Seleucia,Noun,|Seleucias|
2638,Semein,Noun,|Semeins|
2639,semen,Noun,|semen|
2640,Senaah,Noun,|Senaahs|
2641,Seneh,Noun,|Senehs|
2642,sentence,Noun,|sentences|
2643,Sephar,Noun,|Sephars|
2644,Serah,Noun,|Serahs|
2645,Seraiah,Noun,|Seraiahs|
2646,Sered,Noun,|Sereds|
2647,Sergius Paulus,Noun,|Sergiuses|
2648,Serug,Noun,|Serugs|
2649,servant,Noun,|servants|
2650,set,Noun,|sets|
2651,Seth,Noun,|Seths|
2652,Shaalabbin,Noun,|Shaalabbins|
2653,Shaalbim,Noun,|Shaalbims|
2654,Shaalbon,Noun,|Shaalbons|
2655,Shaalim,Noun,|Shaalims|
2656,Shaaraim,Noun,|Shaaraims|
2657,Shaashgaz,Noun,|Shaashgazs|
2658,Shabbethai,Noun,|Shabbethais|
2659,shadow,Noun,|shadows|
2660,Shadrach,Noun,|Shadraches|
2661,Shahazumah,Noun,|Shahazumahs|
2662,Shalisha,Noun,|Shalishas|
2663,Shallum,Noun,|Shallums|
2664,Shallun,Noun,|Shalluns|
2665,Shalmai,Noun,|Shalmais|
2666,shame,Noun,|shame|
2667,Shamgar,Noun,|Shamgars|
2668,Shamir,Noun,|Shamirs|
2669,Shammah,Noun,|Shammahs|
2670,Shammua,Noun,|Shammuas|
2671,shape,Noun,|shapes|
2672,Sharar,Noun,|Sharars|
2673,Sharon,Noun,|Sharons|
2674,Sharuhen,Noun,|Sharuhens|
2675,Shaul,Noun,|Shauls|
2676,Shaveh,Noun,|Shavehs|
2677,Shaveh Kiriathaim,Noun,|Shavehs Kiriathaim|
2678,shawl,Noun,|shawls|
2679,sheaf,Noun,|sheaves|
2680,Shealtiel,Noun,|Shealtiels|
2681,Sheba,Noun,|Shebas|
2682,Shebaniah,Noun,|Shebaniahs|
2683,Shechem,Noun,|Shechems|
2684,Shechem,Noun,|Shechems|
2685,sheep,Noun,|sheep|
2686,sheet,Noun,|sheets|
2687,Shekaniah,Noun,|Shekaniahs|
2688,shekel,Noun,|shekels|
2689,Shelah,Noun,|Shelahs|
2690,Shelemiah,Noun,|Shelemiahs|
2691,Sheleph,Noun,|Shelephs|
2692,shell,Noun,|shells|
2693,Shell Publishing,Noun,|Shells Publishing|
2694,shelter,Noun,|shelters|
2695,Shem,Noun,|Shems|
2696,Shema,Noun,|Shemas|
2697,Shemaiah,Noun,|Shemaiahs|
2698,Shemeber,Noun,|Shemebers|
2699,Shemida,Noun,|Shemidas|
2700,Shen,Noun,|Shens|
2701,Sheol,Noun,|Sheols|
2702,Shephatiah,Noun,|Shephatiahs|
2703,shepherd,Noun,|shepherds|
2704,Shepho,Noun,|Shephos|
2705,Sherebiah,Noun,|Sherebiahs|
2706,Sheshai,Noun,|Sheshais|
2707,Shethar,Noun,|Shethars|
2708,Sheva,Noun,|Shevas|
2709,Shibah,Noun,|Shibahs|
2710,Shibboleth,Noun,|Shibboleths|
2711,shield,Noun,|shields|
2712,shigionoth,Noun,|shigionoths|
2713,Shihor Libnath,Noun,|Shihors Libnath|
2714,Shikkeron,Noun,|Shikkerons|
2715,Shilhim,Noun,|Shilhims|
2716,Shillem,Noun,|Shillems|
2717,Shiloh,Noun,|Shilohs|
2718,Shiloh,Noun,|Shilohs|
2719,Shimeah,Noun,|Shimeahs|
2720,Shimei,Noun,|Shimeis|
2721,Shimron,Noun,|Shimrons|
2722,Shimron Meron,Noun,|Shimrons Meron|
2723,Shinab,Noun,|Shinabs|
2724,Shinar,Noun,|Shinars|
2725,Shion,Noun,|Shions|
2726,ship,Noun,|ships|
2727,Shiphrah,Noun,|Shiphrahs|
2728,shirt,Noun,|shirts|
2729,Shisha,Noun,|Shishas|
2730,Shittim,Noun,|Shittims|
2731,Shobab,Noun,|Shobabs|
2732,Shobai,Noun,|Shobais|
2733,Shobak,Noun,|Shobaks|
2734,Shobal,Noun,|Shobals|
2735,Shobek,Noun,|Shobeks|
2736,Shobi,Noun,|Shobis|
2737,shoe,Noun,|shoes|
2738,shore,Noun,|shores|
2739,shoulder,Noun,|shoulders|
2740,Shua,Noun,|Shuas|
2741,Shuah,Noun,|Shuahs|
2742,Shual,Noun,|Shuals|
2743,Shunem,Noun,|Shunems|
2744,Shuni,Noun,|Shunis|
2745,Shur,Noun,|Shurs|
2746,Sia,Noun,|Sias|
2747,Sibbekai,Noun,|Sibbekais|
2748,Sibboleth,Noun,|Sibboleths|
2749,Sibmah,Noun,|Sibmahs|
2750,sickle,Noun,|sickles|
2751,Siddim,Noun,|Siddims|
2752,side,Noun,|sides|
2753,Sidon,Noun,|Sidons|
2754,Sidon,Noun,|Sidons|
2755,Sidonian,Noun,|Sidonians|
2756,sign,Noun,|signs|
2757,Sihon,Noun,|Sihons|
2758,Silas,Noun,|Silases|
2759,Siloam,Noun,|Siloams|
2760,silver,Noun,|silver|
2761,Simeon,Noun,|Simeons|
2762,Simon,Noun,|Simons|
2763,sin,Noun,|sins|
2764,Sin,Noun,|Sins|
2765,Sinai,Noun,|Sinais|
2766,singer,Noun,|singers|
2767,Sinite,Noun,|Sinites|
2768,sinner,Noun,|sinners|
2769,Siphmoth,Noun,|Siphmoths|
2770,Sirah,Noun,|Sirahs|
2771,Sisera,Noun,|Siseras|
2772,sister,Noun,|sisters|
2773,sister,Noun,|sisters|
2774,sister,Noun,|sisters|
2775,Sithri,Noun,|Sithris|
2776,Sitnah,Noun,|Sitnahs|
2777,Sivan,Noun,|Sivans|
2778,size,Noun,|sizes|
2779,skill,Noun,|skills|
2780,skin,Noun,|skins|
2781,skull,Noun,|skulls|
2782,sky,Noun,|skies|
2783,slave,Noun,|slaves|
2784,sleep,Noun,|sleep|
2785,sling,Noun,|slings|
2786,smoke,Noun,|smoke|
2787,snake,Noun,|snakes|
2788,snare,Noun,|snares|
2789,snow,Noun,|snow|
2790,soap,Noun,|soap|
2791,Socoh,Noun,|Socohs|
2792,Sodom,Noun,|Sodoms|
2793,soil,Noun,|soil|
2794,Sokoh,Noun,|Sokohs|
2795,soldier,Noun,|soldiers|
2796,Solomon,Noun,|Solomons|
2797,son,Noun,|sons|
2798,Son,Noun,|Sons|
2799,son-in-law,Noun,|sons-in-law|
2800,song,Noun,|songs|
2801,Son of David,Noun,|Sons of David|
2802,Son of God,Noun,|Sons of God|
2803,Son of Man,Noun,|Sons of Man|
2804,Sopater,Noun,|Sopaters|
2805,Sophereth,Noun,|Sophereths|
2806,sorcerer,Noun,|sorcerers|
2807,sore,Noun,|sores|
2808,Sorek,Noun,|Soreks|
2809,Sosthenes,Noun,|Sostheneses|
2810,Sotai,Noun,|Sotais|
2811,soul,Noun,|souls|
2812,sound,Noun,|sounds|
2813,south,Noun,|south|
2814,space,Noun,|spaces|
2815,sparrow,Noun,|sparrows|
2816,spear,Noun,|spears|
2817,spice,Noun,|spices|
2818,spirit,Noun,|spirits|
2819,Spirit,Noun,|Spirits|
2820,sponge,Noun,|sponges|
2821,spouse,Noun,|spouses|
2822,spring,Noun,|springs|
2823,spring,Noun,|springs|
2824,spy,Noun,|spies|
2825,square,Noun,|squares|
2826,stable,Noun,|stables|
2827,staff,Noun,|staffs|
2828,stair,Noun,|stairs|
2829,stalk,Noun,|stalks|
2830,star,Noun,|stars|
2831,statue,Noun,|statues|
2832,step,Noun,|steps|
2833,Stephen,Noun,|Stephens|
2834,stick,Noun,|sticks|
2835,stomach,Noun,|stomachs|
2836,stone,Noun,|stones|
2837,Stone of Bohan,Noun,|Stones of Bohan|
2838,Stone of Zoheleth,Noun,|Stones of Zoheleth|
2839,store,Noun,|stores|
2840,storeroom,Noun,|storerooms|
2841,storm,Noun,|storms|
2842,story,Noun,|stories|
2843,Straight,Noun,|Straights|
2844,stranger,Noun,|strangers|
2845,strap,Noun,|straps|
2846,straw,Noun,|straw|
2847,stream,Noun,|streams|
2848,Stream of Egypt,Noun,|Streams of Egypt|
2849,street,Noun,|streets|
2850,strength,Noun,|strength|
2851,string,Noun,|strings|
2852,string bow,Noun,|strings|
2853,stripe,Noun,|stripes|
2854,structure,Noun,|structures|
2855,student,Noun,|students|
2856,substance,Noun,|substances|
2857,Succoth,Noun,|Succoths|
2858,Sukkoth,Noun,|Sukkoths|
2859,sulfur,Noun,|sulfur|
2860,summer,Noun,|summers|
2861,sun,Noun,|suns|
2862,Sunday,Noun,|Sundaies|
2863,sunrise,Noun,|sunrises|
2864,surface,Noun,|surfaces|
2865,Susa,Noun,|Susas|
2866,Susanna,Noun,|Susannas|
2867,swarm,Noun,|swarms|
2868,sword,Noun,|swords|
2869,Sychar,Noun,|Sychars|
2870,synagogue,Noun,|synagogues|
2871,Syntyche,Noun,|Syntyches|
2872,Syracuse,Noun,|Syracuses|
2873,Syria,Noun,|Syrias|
2874,Syrtis,Noun,|Syrtises|
2875,Taanach,Noun,|Taanaches|
2876,Taanath Shiloh,Noun,|Taanaths Shiloh|
2877,Tabbaoth,Noun,|Tabbaoths|
2878,Tabbath,Noun,|Tabbaths|
2879,tabernacle,Noun,|tabernacles|
2880,Tabitha,Noun,|Tabithas|
2881,table,Noun,|tables|
2882,tablet,Noun,|tablets|
2883,Tabor,Noun,|Tabors|
2884,Tahash,Noun,|Tahashes|
2885,Tahtim Hodshi,Noun,|Tahtims Hodshi|
2886,tail,Noun,|tails|
2887,talent,Noun,|talents|
2888,Talmai,Noun,|Talmais|
2889,Talmon,Noun,|Talmons|
2890,Tamar,Noun,|Tamars|
2891,tambourine,Noun,|tambourines|
2892,Taphath,Noun,|Taphaths|
2893,Tappuah,Noun,|Tappuahs|
2894,tar,Noun,|tar|
2895,Taralah,Noun,|Taralahs|
2896,Tarshish,Noun,|Tarshishes|
2897,Tarshish,Noun,|Tarshishes|
2898,Tarsus,Noun,|Tarsuses|
2899,tax,Noun,|taxes|
2900,teacher,Noun,|teachers|
2901,teaching,Noun,|teachings|
2902,tear,Noun,|tears|
2903,teaspoon,Noun,|teaspoons|
2904,Tebah,Noun,|Tebahs|
2905,Tebeth,Noun,|Tebeths|
2906,Tekel,Noun,|Tekel|
2907,Tekoa,Noun,|Tekoas|
2908,Telaim,Noun,|Telaims|
2909,Telem,Noun,|Telems|
2910,Tel Harsha,Noun,|Tels Harsha|
2911,Tel Melah,Noun,|Tels Melah|
2912,Tema,Noun,|Temas|
2913,Temah,Noun,|Temahs|
2914,Teman,Noun,|Temans|
2915,Teman,Noun,|Temans|
2916,Temanite,Noun,|Temanites|
2917,temple,Noun,|temples|
2918,temple,Noun,|temples|
2919,tendon,Noun,|tendons|
2920,tent,Noun,|tents|
2921,Terah,Noun,|Terahs|
2922,Teresh,Noun,|Tereshes|
2923,Terpen,Noun,|Terpens|
2924,Tertullus,Noun,|Tertulluses|
2925,Teshi,Noun,|Teshis|
2926,test,Noun,|tests|
2927,testicle,Noun,|testicles|
2928,Thaddaeus,Noun,|Thaddaeuses|
2929,Thebes,Noun,|Thebeses|
2930,Thebez,Noun,|Thebezs|
2931,Theophilus,Noun,|Theophiluses|
2932,there,Noun,|theres|
2933,Thessalonica,Noun,|Thessalonicas|
2934,The Summer Institute of Linguistics,Noun,|Thes Summer Institute of Linguistics|
2935,Theudas,Noun,|Theudases|
2936,thief,Noun,|thieves|
2937,thigh,Noun,|thighs|
2938,thing,Noun,|things|
2939,Thomas,Noun,|Thomases|
2940,thorn,Noun,|thorns|
2941,thought,Noun,|thoughts|
2942,thread,Noun,|threads|
2943,throat,Noun,|throats|
2944,throne,Noun,|thrones|
2945,thumb,Noun,|thumbs|
2946,Thummim,Noun,|Thummims|
2947,thunder,Noun,|thunder|
2948,Thyatira,Noun,|Thyatiras|
2949,Tiberias,Noun,|Tiberiases|
2950,Tidal,Noun,|Tidals|
2951,Tigris,Noun,|Tigrises|
2952,Timaeus,Noun,|Timaeuses|
2953,time,Noun,|times|
2954,Timna,Noun,|Timnas|
2955,Timnah,Noun,|Timnahs|
2956,Timnath-Heres,Noun,|Timnath-Hereses|
2957,Timnath Serah,Noun,|Timnaths Serah|
2958,Timon,Noun,|Timons|
2959,Timothy,Noun,|Timothies|
2960,tip,Noun,|tips|
2961,Tiphsah,Noun,|Tiphsahs|
2962,Tiras,Noun,|Tirases|
2963,Tirzah,Noun,|Tirzahs|
2964,tithe,Noun,|tithes|
2965,Titius Justus,Noun,|Titiuses|
2966,Titus,Noun,|Tituses|
2967,Tob,Noun,|Tobs|
2968,Tobiah,Noun,|Tobiahs|
2969,today,Noun,|today|
2970,toe,Noun,|toes|
2971,Togarmah,Noun,|Togarmahs|
2972,Tohu,Noun,|Tohus|
2973,Tola,Noun,|Tolas|
2974,tomb,Noun,|tombs|
2975,tomorrow,Noun,|tomorrows|
2976,ton,Noun,|tons|
2977,tongue,Noun,|tongues|
2978,tool,Noun,|tools|
2979,tooth,Noun,|teeth|
2980,top,Noun,|tops|
2981,topaz,Noun,|topaz|
2982,torch,Noun,|torches|
2983,Tou,Noun,|Tous|
2984,towel,Noun,|towels|
2985,Tower of Hananel,Noun,|Towers|
2986,Tower of the Hundred,Noun,|Towers|
2987,Tower of the Ovens,Noun,|Towers|
2988,tower,Noun,|towers|
2989,town,Noun,|towns|
2990,Traconitis,Noun,|Traconitises|
2991,tradition,Noun,|traditions|
2992,trap,Noun,|traps|
2993,treasure,Noun,|treasures|
2994,treasurer,Noun,|treasurers|
2995,treasury,Noun,|treasuries|
2996,treaty,Noun,|treaties|
2997,tree acacia,Noun,|trees|
2998,tree almond,Noun,|trees|
2999,tree apple,Noun,|trees|
3000,tree cedar,Noun,|trees|
3001,tree cypress,Noun,|trees|
3002,tree mulberry,Noun,|trees|
3003,tree mustard,Noun,|trees|
3004,tree myrtle,Noun,|trees|
3005,tree oak,Noun,|trees|
3006,tree,Noun,|trees|
3007,tree fig,Noun,|trees|
3008,tree olive,Noun,|trees|
3009,tree palm,Noun,|trees|
3010,tree pomegranate,Noun,|trees|
3011,tree poplar,Noun,|trees|
3012,tree sycamore,Noun,|trees|
3013,tree tamarisk,Noun,|trees|
3014,trench,Noun,|trenches|
3015,tribe,Noun,|tribes|
3016,Troas,Noun,|Troases|
3017,Trophimus,Noun,|Trophimuses|
3018,trouble,Noun,|trouble|
3019,trough,Noun,|troughs|
3020,trumpet,Noun,|trumpets|
3021,truth,Noun,|truth|
3022,Tubal,Noun,|Tubals|
3023,Tubal-Cain,Noun,|Tubal-Cains|
3024,tumor,Noun,|tumors|
3025,tunnel,Noun,|tunnels|
3026,Turkey,Noun,|Turkeies|
3027,twin,Noun,|twins|
3028,Tychicus,Noun,|Tychicuses|
3029,Tyrannus,Noun,|Tyrannuses|
3030,Tyre,Noun,|Tyres|
3031,Ulai,Noun,|Ulais|
3032,Ummah,Noun,|Ummahs|
3033,uncle,Noun,|uncles|
3034,universe,Noun,|universes|
3035,Unni,Noun,|Unnis|
3036,Uphaz,Noun,|Uphazs|
3037,Upper Beth Horon,Noun,|Uppers Beth Horon|
3038,Ur,Noun,|Urs|
3039,Uri,Noun,|Uris|
3040,Uriah,Noun,|Uriahs|
3041,Urim,Noun,|Urims|
3042,Uz,Noun,|Uzs|
3043,Uzai,Noun,|Uzais|
3044,Uzal,Noun,|Uzals|
3045,Uzza,Noun,|Uzzas|
3046,Uzzah,Noun,|Uzzahs|
3047,Uzzi,Noun,|Uzzis|
3048,Uzziah,Noun,|Uzziahs|
3049,Uzziel,Noun,|Uzziels|
3050,vaccine,Noun,|vaccines|
3051,Vaizatha,Noun,|Vaizathas|
3052,Valley King`s,Noun,|Valleies|
3053,valley,Noun,|valleys|
3054,valley Dead Sea,Noun,|valleys|
3055,valley Hebron,Noun,|valleys|
3056,valley Shaveh,Noun,|valleys|
3057,valley Siddim,Noun,|valleys|
3058,Valley of Achor,Noun,|Valleies|
3059,Valley of Aijalon,Noun,|Valleies|
3060,Valley of Ben Hinnom,Noun,|Valleies|
3061,Valley of Besor,Noun,|Valleies|
3062,Valley of Elah,Noun,|Valleies|
3063,Valley of Gerar,Noun,|Valleies|
3064,Valley of Giants,Noun,|Valleies|
3065,Valley of Hinnom,Noun,|Valleies|
3066,Valley of Iphtah El,Noun,|Valleies|
3067,Valley of Jehoshaphat,Noun,|Valleies|
3068,Valley of Jezreel,Noun,|Valleies|
3069,Valley of Kanah,Noun,|Valleies|
3070,Valley of Kidron,Noun,|Valleies|
3071,Valley of Mizpah,Noun,|Valleies|
3072,Valley of Rephaim,Noun,|Valleies|
3073,Valley of Salt,Noun,|Valleies|
3074,Valley of Zeboyim,Noun,|Valleies|
3075,value,Noun,|values|
3076,Vashti,Noun,|Vashtis|
3077,vault,Noun,|vaults|
3078,vegetable,Noun,|vegetables|
3079,vehicle,Noun,|vehicles|
3080,veil,Noun,|veils|
3081,verse,Noun,|verses|
3082,veterinarian,Noun,|veterinarians|
3083,village,Noun,|villages|
3084,vine,Noun,|vines|
3085,vinegar,Noun,|vinegar|
3086,vineyard,Noun,|vineyards|
3087,violence,Noun,|violence|
3088,viper,Noun,|vipers|
3089,virgin,Noun,|virgins|
3090,vision,Noun,|visions|
3091,voice,Noun,|voices|
3092,vow,Noun,|vows|
3093,vulture,Noun,|vultures|
3094,Wadi of Egypt,Noun,|Wadis of Egypt|
3095,wage,Noun,|wages|
3096,wagon,Noun,|wagons|
3097,waist,Noun,|waists|
3098,Wall Broad,Noun,|Walls|
3099,Wall of Ophel,Noun,|Walls|
3100,wall,Noun,|walls|
3101,war,Noun,|wars|
3102,warrior,Noun,|warriors|
3103,water,Noun,|water|
3104,Waters of Merom,Noun,|Waterses|
3105,Waters of Nephtoah,Noun,|Waterses|
3106,wave,Noun,|waves|
3107,way,Noun,|ways|
3108,Way,Noun,|Way|
3109,wealth,Noun,|wealth|
3110,weapon,Noun,|weapons|
3111,weather,Noun,|weather|
3112,wedding,Noun,|weddings|
3113,weed,Noun,|weeds|
3114,week,Noun,|weeks|
3115,weight,Noun,|weights|
3116,Well Jackal,Noun,|Wells|
3117,well,Noun,|wells|
3118,west,Noun,|west|
3119,wheat,Noun,|wheat|
3120,wheel,Noun,|wheels|
3121,whip,Noun,|whips|
3122,whirlwind,Noun,|whirlwinds|
3123,widow,Noun,|widows|
3124,width,Noun,|widths|
3125,wife,Noun,|wives|
3126,wilderness,Noun,|wildernesses|
3127,will,Noun,|wills|
3128,wind,Noun,|winds|
3129,wind,Noun,|wind|
3130,window,Noun,|windows|
3131,wine,Noun,|wine|
3132,winepress,Noun,|winepresses|
3133,wineskin,Noun,|wineskins|
3134,wing,Noun,|wings|
3135,winter,Noun,|winters|
3136,wire,Noun,|wires|
3137,wisdom,Noun,|wisdom|
3138,witchcraft,Noun,|witchcraft|
3139,wolf,Noun,|wolves|
3140,woman,Noun,|women|
3141,womb,Noun,|wombs|
3142,wonder,Noun,|wonders|
3143,wood,Noun,|wood|
3144,wood acacia,Noun,|wood|
3145,wood almug,Noun,|wood|
3146,wood cedar,Noun,|wood|
3147,wood juniper,Noun,|wood|
3148,wool,Noun,|wool|
3149,word,Noun,|words|
3150,word of life,Noun,|words of life|
3151,work,Noun,|work|
3152,worker,Noun,|workers|
3153,world,Noun,|worlds|
3154,World Vision,Noun,|Worlds Vision|
3155,worm,Noun,|worms|
3156,wormwood,Noun,|wormwood|
3157,wound,Noun,|wounds|
3158,wrath,Noun,|wrath|
3159,wreath,Noun,|wreaths|
3160,Xerxes,Noun,|Xerxeses|
3161,Yahweh,Noun,|Yahwehs|
3162,Yahweh Almighty,Noun,|Yahwehs Almighty|
3163,yard,Noun,|yards|
3164,Yatima,Noun,|Yatimas|
3165,year,Noun,|years|
3166,yeast,Noun,|yeast|
3167,yoke,Noun,|yokes|
3168,Zaanannim,Noun,|Zaanannims|
3169,Zaavan,Noun,|Zaavans|
3170,Zabbai,Noun,|Zabbais|
3171,Zabdi,Noun,|Zabdis|
3172,Zabdiel,Noun,|Zabdiels|
3173,Zabud,Noun,|Zabuds|
3174,Zacchaeus,Noun,|Zacchaeuses|
3175,Zadok,Noun,|Zadoks|
3176,Zakkai,Noun,|Zakkais|
3177,Zakkur,Noun,|Zakkurs|
3178,Zalaph,Noun,|Zalaphs|
3179,Zalmon,Noun,|Zalmons|
3180,Zalmunna,Noun,|Zalmunnas|
3181,Zanoah,Noun,|Zanoahs|
3182,Zaphenath-Panea,Noun,|Zaphenath-Paneas|
3183,Zaphon,Noun,|Zaphons|
3184,Zarephath,Noun,|Zarephaths|
3185,Zarethan,Noun,|Zarethans|
3186,Zattu,Noun,|Zattus|
3187,Zealot,Noun,|Zealots|
3188,Zebah,Noun,|Zebahs|
3189,Zebedee,Noun,|Zebedees|
3190,Zeboiim,Noun,|Zeboiims|
3191,Zeboim,Noun,|Zeboims|
3192,Zebul,Noun,|Zebuls|
3193,Zebulun,Noun,|Zebuluns|
3194,Zechariah,Noun,|Zechariahs|
3195,Zedekiah,Noun,|Zedekiahs|
3196,Zeeb,Noun,|Zeebs|
3197,Zela,Noun,|Zelas|
3198,Zelah,Noun,|Zelahs|
3199,Zelek,Noun,|Zeleks|
3200,Zelophehad,Noun,|Zelophehads|
3201,Zelzah,Noun,|Zelzahs|
3202,Zemaraim,Noun,|Zemaraims|
3203,Zemarite,Noun,|Zemarites|
3204,Zenan,Noun,|Zenans|
3205,Zenas,Noun,|Zenases|
3206,Zeno,Noun,|Zenos|
3207,Zephath,Noun,|Zephaths|
3208,Zepho,Noun,|Zephos|
3209,Zephon,Noun,|Zephons|
3210,Zer,Noun,|Zers|
3211,Zerah,Noun,|Zerahs|
3212,Zerephath,Noun,|Zerephaths|
3213,Zererah,Noun,|Zererahs|
3214,Zeresh,Noun,|Zereshes|
3215,Zereth Shahar,Noun,|Zereths Shahar|
3216,Zeror,Noun,|Zerors|
3217,Zerubbabel,Noun,|Zerubbabels|
3218,Zeruiah,Noun,|Zeruiahs|
3219,Zethar,Noun,|Zethars|
3220,Zeus,Noun,|Zeuses|
3221,Ziba,Noun,|Zibas|
3222,Zibeon,Noun,|Zibeons|
3223,Ziddim,Noun,|Ziddims|
3224,Ziha,Noun,|Zihas|
3225,Ziklag,Noun,|Ziklags|
3226,Zikri,Noun,|Zikris|
3227,Zillah,Noun,|Zillahs|
3228,Zilpah,Noun,|Zilpahs|
3229,Zimran,Noun,|Zimrans|
3230,Zimri,Noun,|Zimris|
3231,Zin,Noun,|Zins|
3232,Zion,Noun,|Zions|
3233,Zior,Noun,|Ziors|
3234,Ziph,Noun,|Ziphs|
3235,Zippor,Noun,|Zippors|
3236,Zipporah,Noun,|Zipporahs|
3237,Ziv,Noun,|Zivs|
3238,Zoar,Noun,|Zoars|
3239,Zobah,Noun,|Zobahs|
3240,Zohar,Noun,|Zohars|
3241,Zorah,Noun,|Zorahs|
3242,Zuph,Noun,|Zuphs|
3243,Zur,Noun,|Zurs|
3244,Zuzite,Noun,|Zuzites|
3245,1 Samuel,Noun,|1 Samuel|
3246,1 Thessalonians,Noun,|1 Thessalonians|
3247,2 pm,Noun,|2s pm|
3248,2 Samuel,Noun,|2s Samuel|
3249,2 Thessalonians,Noun,|2 Thessalonians|
3250,3 pm,Noun,|3s pm|
3251,4 pm,Noun,|4s pm|
3252,5 pm,Noun,|5s pm|
3253,9 am,Noun,|9 am|
